日期,开盘,收盘,最高,最低,成交量,成交额,振幅,涨跌幅,涨跌额,换手率
2021-06-21,3.273,3.28,3.397,3.249,426437,167000013.0,4.55,0.83,0.027,5.95
2021-06-22,3.27,3.28,3.282,3.173,140184,54449233.0,3.32,0.0,0.0,1.96
2021-06-23,3.28,3.279,3.281,3.254,59298,23091723.0,0.82,-0.03,-0.001,0.83
2021-06-24,3.276,3.258,3.276,3.254,25044,9733670.0,0.67,-0.64,-0.021,0.35
2021-06-25,3.259,3.26,3.263,3.252,35688,13860653.0,0.34,0.06,0.002,0.5
2021-06-28,3.26,3.254,3.261,3.251,26850,10416494.0,0.31,-0.18,-0.006,0.37
2021-06-29,3.246,3.256,3.258,3.24,24988,9683533.0,0.55,0.06,0.002,0.35
2021-06-30,3.256,3.258,3.262,3.248,17373,6743078.0,0.43,0.06,0.002,0.24
2021-07-01,3.26,3.351,3.363,3.254,49151,19208965.0,3.35,2.85,0.093,0.69
2021-07-02,3.343,3.26,3.343,3.253,16523,6428158.0,2.69,-2.72,-0.091,0.23
2021-07-05,3.26,3.253,3.261,3.25,15023,5830241.0,0.34,-0.21,-0.007,0.21
2021-07-06,3.253,3.253,3.254,3.245,11137,4314799.0,0.28,0.0,0.0,0.16
2021-07-07,3.253,3.244,3.253,3.243,9047,3502958.0,0.31,-0.28,-0.009,0.13
2021-07-08,3.243,3.24,3.244,3.238,9269,3583635.0,0.18,-0.12,-0.004,0.13
2021-07-09,3.239,3.224,3.24,3.224,8492,3273051.0,0.49,-0.49,-0.016,0.12
2021-07-12,3.197,3.206,3.224,3.197,12159,4659799.0,0.84,-0.56,-0.018,0.17
2021-07-13,3.198,3.183,3.204,3.182,17303,6600881.0,0.69,-0.72,-0.023,0.24
2021-07-14,3.183,3.173,3.183,3.172,12538,4765126.0,0.35,-0.31,-0.01,0.18
2021-07-15,3.173,3.222,3.225,3.172,18115,6929791.0,1.67,1.54,0.049,0.25
2021-07-16,3.218,3.258,3.261,3.187,25844,9969946.0,2.3,1.12,0.036,0.36
2021-07-19,3.254,3.259,3.259,3.243,87069,33793877.0,0.49,0.03,0.001,1.22
2021-07-20,3.259,3.26,3.28,3.252,20142,7824850.0,0.86,0.03,0.001,0.28
2021-07-21,3.261,3.261,3.262,3.251,17021,6612533.0,0.34,0.03,0.001,0.24
2021-07-22,3.262,3.262,3.267,3.257,10686,4154946.0,0.31,0.03,0.001,0.15
2021-07-23,3.263,3.282,3.283,3.263,45661,17821025.0,0.61,0.61,0.02,0.64
2021-07-26,3.282,3.235,3.282,3.231,12083,4684725.0,1.55,-1.43,-0.047,0.17
2021-07-27,3.235,3.212,3.235,3.179,17713,6758700.0,1.73,-0.71,-0.023,0.25
2021-07-28,3.212,3.198,3.212,3.182,8796,3359770.0,0.93,-0.44,-0.014,0.12
2021-07-29,3.198,3.206,3.22,3.185,13808,5286993.0,1.09,0.25,0.008,0.19
2021-07-30,3.203,3.207,3.208,3.186,6388,2443599.0,0.69,0.03,0.001,0.09
2021-08-02,3.207,3.23,3.235,3.193,8189,3146734.0,1.31,0.72,0.023,0.11
2021-08-03,3.23,3.245,3.254,3.224,11990,4642080.0,0.93,0.46,0.015,0.17
2021-08-04,3.245,3.235,3.245,3.225,10132,3915966.0,0.62,-0.31,-0.01,0.14
2021-08-05,3.234,3.227,3.234,3.223,11731,4520951.0,0.34,-0.25,-0.008,0.16
2021-08-06,3.21,3.218,3.225,3.21,7456,2869426.0,0.46,-0.28,-0.009,0.1
2021-08-09,3.218,3.211,3.218,3.208,5581,2142575.0,0.31,-0.22,-0.007,0.08
2021-08-10,3.211,3.211,3.218,3.206,6088,2336771.0,0.37,0.0,0.0,0.08
2021-08-11,3.215,3.221,3.225,3.208,7098,2730977.0,0.53,0.31,0.01,0.1
2021-08-12,3.222,3.221,3.225,3.217,7711,2966817.0,0.25,0.0,0.0,0.11
2021-08-13,3.221,3.226,3.232,3.221,5286,2036390.0,0.34,0.16,0.005,0.07
2021-08-16,3.226,3.211,3.227,3.209,8237,3165961.0,0.56,-0.46,-0.015,0.11
2021-08-17,3.211,3.211,3.218,3.209,6041,2318882.0,0.28,0.0,0.0,0.08
2021-08-18,3.207,3.214,3.216,3.203,5918,2271224.0,0.4,0.09,0.003,0.08
2021-08-19,3.214,3.206,3.214,3.204,9160,3514952.0,0.31,-0.25,-0.008,0.13
2021-08-20,3.206,3.202,3.209,3.2,11833,4533134.0,0.28,-0.12,-0.004,0.17
2021-08-23,3.202,3.209,3.222,3.195,9161,3517321.0,0.84,0.22,0.007,0.13
2021-08-24,3.213,3.227,3.233,3.212,18392,7089119.0,0.65,0.56,0.018,0.26
2021-08-25,3.227,3.235,3.239,3.223,18768,7246749.0,0.5,0.25,0.008,0.26
2021-08-26,3.235,3.248,3.261,3.235,23581,9135557.0,0.8,0.4,0.013,0.33
2021-08-27,3.25,3.264,3.269,3.248,31607,12289602.0,0.65,0.49,0.016,0.44
2021-08-30,3.265,3.275,3.298,3.264,82407,32220509.0,1.04,0.34,0.011,1.15
2021-08-31,3.276,3.271,3.282,3.268,30605,11933874.0,0.43,-0.12,-0.004,0.43
2021-09-01,3.271,3.267,3.277,3.248,26578,10345325.0,0.89,-0.12,-0.004,0.37
2021-09-02,3.267,3.26,3.269,3.259,7373,2868889.0,0.31,-0.21,-0.007,0.1
2021-09-03,3.263,3.261,3.263,3.257,6875,2672667.0,0.18,0.03,0.001,0.1
2021-09-06,3.26,3.257,3.26,3.251,10387,4033059.0,0.28,-0.12,-0.004,0.15
2021-09-07,3.256,3.258,3.262,3.254,8777,3409942.0,0.25,0.03,0.001,0.12
2021-09-08,3.258,3.266,3.268,3.255,20146,7839594.0,0.4,0.25,0.008,0.28
2021-09-09,3.268,3.267,3.279,3.266,18170,7083862.0,0.4,0.03,0.001,0.25
2021-09-10,3.267,3.265,3.273,3.252,10023,3899374.0,0.64,-0.06,-0.002,0.14
2021-09-13,3.267,3.268,3.276,3.263,14530,5661522.0,0.4,0.09,0.003,0.2
2021-09-14,3.268,3.269,3.273,3.264,18873,7352998.0,0.28,0.03,0.001,0.26
2021-09-15,3.271,3.285,3.286,3.271,39581,15470279.0,0.46,0.49,0.016,0.55
2021-09-16,3.286,3.286,3.288,3.283,27332,10693648.0,0.15,0.03,0.001,0.38
2021-09-17,3.286,3.288,3.294,3.284,38167,14945317.0,0.3,0.06,0.002,0.53
2021-09-22,3.283,3.293,3.294,3.272,21866,8556364.0,0.67,0.15,0.005,0.31
2021-09-23,3.293,3.314,3.328,3.289,19225,7570861.0,1.18,0.64,0.021,0.27
2021-09-24,3.314,3.333,3.336,3.297,25241,9982775.0,1.18,0.57,0.019,0.35
2021-09-27,3.334,3.341,3.361,3.318,84710,33657595.0,1.29,0.24,0.008,1.18
2021-09-28,3.345,3.343,3.345,3.285,113129,44718957.0,1.8,0.06,0.002,1.58
2021-09-29,3.343,3.355,3.376,3.303,73491,29299898.0,2.18,0.36,0.012,1.03
2021-09-30,3.355,3.357,3.371,3.336,16166,6449185.0,1.04,0.06,0.002,0.23
2021-10-08,3.357,3.372,3.373,3.357,13828,5525080.0,0.48,0.45,0.015,0.19
2021-10-11,3.372,3.371,3.383,3.358,44408,17757768.0,0.74,-0.03,-0.001,0.62
2021-10-12,3.371,3.364,3.371,3.353,26605,10616298.0,0.53,-0.21,-0.007,0.37
2021-10-13,3.364,3.365,3.368,3.356,50112,19990545.0,0.36,0.03,0.001,0.7
2021-10-14,3.365,3.368,3.37,3.361,33167,13247226.0,0.27,0.09,0.003,0.46
2021-10-15,3.368,3.368,3.37,3.366,16022,6400722.0,0.12,0.0,0.0,0.22
2021-10-18,3.367,3.368,3.374,3.363,27916,11156804.0,0.33,0.0,0.0,0.39
2021-10-19,3.368,3.371,3.374,3.366,15510,6200402.0,0.24,0.09,0.003,0.22
2021-10-20,3.37,3.376,3.376,3.367,16003,6400792.0,0.27,0.15,0.005,0.22
2021-10-21,3.378,3.409,3.415,3.378,26921,10853813.0,1.1,0.98,0.033,0.38
2021-10-22,3.41,3.44,3.442,3.41,30909,12566091.0,0.94,0.91,0.031,0.43
2021-10-25,3.44,3.484,3.489,3.434,31332,12859069.0,1.6,1.28,0.044,0.44
2021-10-26,3.484,3.474,3.518,3.449,58105,23973948.0,1.98,-0.29,-0.01,0.81
2021-10-27,3.473,3.513,3.514,3.441,33428,13756929.0,2.1,1.12,0.039,0.47
2021-10-28,3.512,3.595,3.625,3.503,108023,45498768.0,3.47,2.33,0.082,1.51
2021-10-29,3.597,3.712,3.723,3.597,89210,38561694.0,3.5,3.25,0.117,1.25
2021-11-01,3.714,3.699,3.822,3.677,59808,26007450.0,3.91,-0.35,-0.013,0.83
2021-11-02,3.698,3.563,3.699,3.46,77839,32642840.0,6.46,-3.68,-0.136,1.09
2021-11-03,3.561,3.587,3.633,3.463,50867,21260562.0,4.77,0.67,0.024,0.71
2021-11-04,3.586,3.545,3.586,3.536,20261,8477620.0,1.39,-1.17,-0.042,0.28
2021-11-05,3.545,3.565,3.573,3.545,28507,11953768.0,0.79,0.56,0.02,0.4
2021-11-08,3.564,3.529,3.623,3.525,33955,14158998.0,2.75,-1.01,-0.036,0.47
2021-11-09,3.519,3.528,3.532,3.518,24482,10163182.0,0.4,-0.03,-0.001,0.34
2021-11-10,3.528,3.525,3.53,3.513,17043,7072481.0,0.48,-0.09,-0.003,0.24
2021-11-11,3.525,3.539,3.54,3.525,20402,8491755.0,0.43,0.4,0.014,0.28
2021-11-12,3.539,3.582,3.585,3.539,42780,17913682.0,1.3,1.22,0.043,0.6
2021-11-15,3.583,3.581,3.595,3.577,14785,6223462.0,0.5,-0.03,-0.001,0.21
2021-11-16,3.581,3.602,3.604,3.573,20233,8534539.0,0.87,0.59,0.021,0.28
2021-11-17,3.602,3.621,3.629,3.59,63672,26932441.0,1.08,0.53,0.019,0.89
2021-11-18,3.621,3.638,3.639,3.604,25101,10687811.0,0.97,0.47,0.017,0.35
2021-11-19,3.638,3.643,3.666,3.628,26455,11295267.0,1.04,0.14,0.005,0.37
2021-11-22,3.643,3.625,3.671,3.618,31231,13346115.0,1.45,-0.49,-0.018,0.44
2021-11-23,3.625,3.628,3.633,3.603,30673,13027633.0,0.83,0.08,0.003,0.43
2021-11-24,3.629,3.643,3.656,3.608,22314,9511452.0,1.32,0.41,0.015,0.31
2021-11-25,3.642,3.64,3.653,3.638,18078,7716056.0,0.41,-0.08,-0.003,0.25
2021-11-26,3.64,3.64,3.645,3.632,7825,3338660.0,0.36,0.0,0.0,0.11
2021-11-29,3.633,3.646,3.655,3.593,33289,14215673.0,1.7,0.16,0.006,0.46
2021-11-30,3.646,3.66,3.668,3.646,26351,11293326.0,0.6,0.38,0.014,0.37
2021-12-01,3.66,3.688,3.688,3.66,46131,19871611.0,0.77,0.77,0.028,0.64
2021-12-02,3.689,3.709,3.714,3.689,46281,20040850.0,0.68,0.57,0.021,0.65
2021-12-03,3.707,3.741,3.758,3.704,48721,21233078.0,1.46,0.86,0.032,0.68
2021-12-06,3.741,3.766,3.783,3.741,79353,34822939.0,1.12,0.67,0.025,1.11
2021-12-07,3.767,3.777,3.783,3.764,37823,16639697.0,0.5,0.29,0.011,0.53
2021-12-08,3.782,3.786,3.787,3.771,65481,28856458.0,0.42,0.24,0.009,0.91
2021-12-09,3.786,3.83,3.835,3.783,55088,24474761.0,1.37,1.16,0.044,0.77
2021-12-10,3.832,3.902,3.91,3.832,82342,37007238.0,2.04,1.88,0.072,1.15
2021-12-13,3.902,3.955,3.963,3.902,74535,33996586.0,1.56,1.36,0.053,1.04
2021-12-14,3.956,4.03,4.033,3.937,87819,40491381.0,2.43,1.9,0.075,1.23
2021-12-15,4.03,4.123,4.173,4.03,107783,51043313.0,3.55,2.31,0.093,1.5
2021-12-16,4.137,3.956,4.149,3.938,143018,66475305.0,5.12,-4.05,-0.167,2.0
2021-12-17,3.95,3.934,4.022,3.896,48860,22392996.0,3.19,-0.56,-0.022,0.68
2021-12-20,3.972,3.916,4.009,3.901,29325,13351955.0,2.75,-0.46,-0.018,0.41
2021-12-21,3.915,3.898,3.923,3.876,21291,9602028.0,1.2,-0.46,-0.018,0.3
2021-12-22,3.903,3.911,3.922,3.899,27960,12680103.0,0.59,0.33,0.013,0.39
2021-12-23,3.911,3.953,3.953,3.911,41090,18758677.0,1.07,1.07,0.042,0.57
2021-12-24,3.953,3.943,3.989,3.933,41254,18883329.0,1.42,-0.25,-0.01,0.58
2021-12-27,3.944,4.001,4.017,3.944,45370,20857013.0,1.85,1.47,0.058,0.63
2021-12-28,4.003,3.981,4.033,3.967,58584,26975073.0,1.65,-0.5,-0.02,0.82
2021-12-29,3.981,3.961,3.981,3.953,39799,18283189.0,0.7,-0.5,-0.02,0.56
2021-12-30,3.962,3.921,3.962,3.92,44685,20403139.0,1.06,-1.01,-0.04,0.62
2021-12-31,3.963,3.919,3.964,3.918,68866,31331213.0,1.17,-0.05,-0.002,0.96
2022-01-04,3.92,3.947,3.953,3.92,80001,36484903.0,0.84,0.71,0.028,1.12
2022-01-05,3.964,3.974,3.975,3.93,48117,22036406.0,1.14,0.68,0.027,0.67
2022-01-06,3.974,3.951,3.974,3.946,37734,17270975.0,0.7,-0.58,-0.023,0.53
2022-01-07,3.948,3.952,3.956,3.947,31579,14451427.0,0.23,0.03,0.001,0.44
2022-01-10,3.952,3.957,3.964,3.949,28615,13116639.0,0.38,0.13,0.005,0.4
2022-01-11,3.958,3.988,3.991,3.955,68840,31625774.0,0.91,0.78,0.031,0.96
2022-01-12,3.991,4.068,4.073,3.991,44173,20544650.0,2.06,2.01,0.08,0.62
2022-01-13,4.067,4.064,4.103,4.044,59603,27967776.0,1.45,-0.1,-0.004,0.83
2022-01-14,4.058,4.046,4.064,4.023,52321,24469971.0,1.01,-0.44,-0.018,0.73
2022-01-17,4.046,4.07,4.076,4.032,30204,14138366.0,1.09,0.59,0.024,0.42
2022-01-18,4.071,4.059,4.12,4.043,23428,10999223.0,1.89,-0.27,-0.011,0.33
2022-01-19,4.058,4.081,4.089,4.019,36989,17344646.0,1.72,0.54,0.022,0.52
2022-01-20,4.081,4.083,4.099,4.019,44006,20716390.0,1.96,0.05,0.002,0.61
2022-01-21,4.088,4.164,4.172,4.082,59766,28483120.0,2.2,1.98,0.081,0.83
2022-01-24,4.165,4.269,4.643,4.164,90050,44243467.0,11.5,2.52,0.105,1.26
2022-01-25,4.273,4.208,4.333,4.169,74177,35815431.0,3.84,-1.43,-0.061,1.04
2022-01-26,4.202,4.197,4.275,4.075,53173,25749641.0,4.75,-0.26,-0.011,0.74
2022-01-27,4.197,4.185,4.198,4.153,38070,18284729.0,1.07,-0.29,-0.012,0.53
2022-01-28,4.189,4.266,4.279,4.17,47094,22886791.0,2.6,1.94,0.081,0.66
2022-02-07,4.269,4.447,4.476,4.269,70758,35424539.0,4.85,4.24,0.181,0.99
2022-02-08,4.448,4.743,4.749,4.447,99554,51769845.0,6.79,6.66,0.296,1.39
2022-02-09,4.743,4.647,4.745,4.551,127931,66989656.0,4.09,-2.02,-0.096,1.79
2022-02-10,4.573,4.643,4.729,4.474,72896,38486342.0,5.49,-0.09,-0.004,1.02
2022-02-11,4.641,4.796,4.801,4.573,92496,49205797.0,4.91,3.3,0.153,1.29
2022-02-14,4.796,4.862,4.888,4.788,123925,67776611.0,2.09,1.38,0.066,1.73
2022-02-15,4.864,4.831,4.916,4.743,109932,60146036.0,3.56,-0.64,-0.031,1.53
2022-02-16,4.808,4.71,4.83,4.622,86646,46309607.0,4.31,-2.5,-0.121,1.21
2022-02-17,4.671,4.534,4.675,4.491,99894,52010300.0,3.91,-3.74,-0.176,1.39
2022-02-18,4.533,4.605,4.634,4.421,77298,39664084.0,4.7,1.57,0.071,1.08
2022-02-21,4.593,4.567,4.631,4.533,48790,25448632.0,2.13,-0.83,-0.038,0.68
2022-02-22,4.528,4.374,4.528,4.369,87291,44038746.0,3.48,-4.23,-0.193,1.22
2022-02-23,4.311,4.299,4.373,4.174,81954,40074629.0,4.55,-1.71,-0.075,1.14
2022-02-24,4.238,4.169,4.238,4.104,87174,41930201.0,3.12,-3.02,-0.13,1.22
2022-02-25,4.168,4.156,4.245,4.151,67195,32323852.0,2.25,-0.31,-0.013,0.94
2022-02-28,4.163,4.068,4.163,4.055,41941,19743512.0,2.6,-2.12,-0.088,0.59
2022-03-01,4.073,3.982,4.14,3.978,110948,51375425.0,3.98,-2.11,-0.086,1.55
2022-03-02,3.976,4.13,4.159,3.844,103854,48217848.0,7.91,3.72,0.148,1.45
2022-03-03,4.13,4.36,4.371,4.124,133417,64339129.0,5.98,5.57,0.23,1.86
2022-03-04,4.383,4.334,4.442,4.263,115243,56964692.0,4.11,-0.6,-0.026,1.61
2022-03-07,4.272,4.188,4.292,4.163,46449,22508437.0,2.98,-3.37,-0.146,0.65
2022-03-08,4.182,4.138,4.183,4.093,39764,18983003.0,2.15,-1.19,-0.05,0.56
2022-03-09,4.131,4.221,4.222,4.02,57695,27542129.0,4.88,2.01,0.083,0.81
2022-03-10,4.32,4.199,4.32,4.154,40262,19505021.0,3.93,-0.52,-0.022,0.56
2022-03-11,4.187,4.215,4.223,3.869,37581,17912293.0,8.43,0.38,0.016,0.52
2022-03-14,4.158,4.144,4.198,4.126,19978,9554145.0,1.71,-1.68,-0.071,0.28
2022-03-15,4.13,3.924,4.13,3.914,61196,28243339.0,5.21,-5.31,-0.22,0.85
2022-03-16,3.924,3.95,3.993,3.743,68491,30785109.0,6.37,0.66,0.026,0.96
2022-03-17,3.973,3.955,4.073,3.915,59572,27426945.0,4.0,0.13,0.005,0.83
2022-03-18,3.946,3.917,3.953,3.893,29917,13600274.0,1.52,-0.96,-0.038,0.42
2022-03-21,3.917,3.999,4.004,3.896,48175,22027229.0,2.76,2.09,0.082,0.67
2022-03-22,4.012,4.1,4.109,3.973,69754,32564073.0,3.4,2.53,0.101,0.97
2022-03-23,4.103,4.024,4.147,3.959,106362,49586762.0,4.59,-1.85,-0.076,1.48
2022-03-24,4.017,3.956,4.043,3.873,66110,30412243.0,4.22,-1.69,-0.068,0.92
2022-03-25,3.956,3.913,3.965,3.875,27178,12351825.0,2.28,-1.09,-0.043,0.38
2022-03-28,3.911,3.916,3.943,3.848,25287,11448617.0,2.43,0.08,0.003,0.35
2022-03-29,3.961,3.915,3.961,3.874,34582,15668686.0,2.22,-0.03,-0.001,0.48
2022-03-30,3.924,3.909,3.947,3.874,35064,15874975.0,1.86,-0.15,-0.006,0.49
2022-03-31,3.914,3.902,3.918,3.877,26571,12023515.0,1.05,-0.18,-0.007,0.37
2022-04-01,3.904,3.941,3.948,3.894,22925,10422699.0,1.38,1.0,0.039,0.32
2022-04-06,3.94,3.924,3.97,3.895,25494,11596566.0,1.9,-0.43,-0.017,0.36
2022-04-07,3.915,3.896,3.915,3.875,17795,8034501.0,1.02,-0.71,-0.028,0.25
2022-04-08,3.896,3.965,3.973,3.893,27603,12572846.0,2.05,1.77,0.069,0.39
2022-04-11,3.963,3.966,3.992,3.925,32799,15053819.0,1.69,0.03,0.001,0.46
2022-04-12,3.966,4.032,4.037,3.956,29019,13400821.0,2.04,1.66,0.066,0.41
2022-04-13,4.032,4.099,4.113,3.985,57464,26926166.0,3.17,1.66,0.067,0.8
2022-04-14,4.108,4.122,4.171,4.083,75140,35628865.0,2.15,0.56,0.023,1.05
2022-04-15,4.127,4.127,4.157,4.068,70383,33325303.0,2.16,0.12,0.005,0.98
2022-04-18,4.13,4.13,4.156,4.112,46519,22131822.0,1.07,0.07,0.003,0.65
2022-04-19,4.13,4.15,4.161,4.018,41742,19367771.0,3.46,0.48,0.02,0.58
2022-04-20,4.13,4.15,4.179,4.101,45964,21393345.0,1.88,0.0,0.0,0.64
2022-04-21,4.126,4.086,4.151,4.066,36462,16885132.0,2.05,-1.54,-0.064,0.51
2022-04-22,4.026,4.045,4.076,4.012,30063,13698290.0,1.57,-1.0,-0.041,0.42
2022-04-25,4.012,3.929,4.012,3.926,27062,12131627.0,2.13,-2.87,-0.116,0.38
2022-04-26,3.923,3.92,3.964,3.896,32155,14292784.0,1.73,-0.23,-0.009,0.45
2022-04-27,3.866,3.966,3.99,3.866,48782,21834504.0,3.16,1.17,0.046,0.68
2022-04-28,3.966,3.93,3.987,3.912,31377,13972621.0,1.89,-0.91,-0.036,0.44
2022-04-29,3.931,3.976,3.996,3.926,15709,7050303.0,1.78,1.17,0.046,0.22
2022-05-05,3.952,3.958,3.975,3.927,9983,4467479.0,1.21,-0.45,-0.018,0.14
2022-05-06,3.941,3.972,3.98,3.876,13087,5828596.0,2.63,0.35,0.014,0.18
2022-05-09,3.972,3.976,3.988,3.936,15527,6988856.0,1.31,0.1,0.004,0.22
2022-05-10,3.976,3.987,3.992,3.946,17446,7858322.0,1.16,0.28,0.011,0.24
2022-05-11,3.986,4.045,4.055,3.969,25448,11584864.0,2.16,1.45,0.058,0.36
2022-05-12,4.04,4.087,4.091,4.032,21029,9655012.0,1.46,1.04,0.042,0.29
2022-05-13,4.091,4.108,4.126,4.072,24434,11317692.0,1.32,0.51,0.021,0.34
2022-05-16,4.107,4.097,4.126,4.085,20414,9435994.0,1.0,-0.27,-0.011,0.28
2022-05-17,4.087,4.099,4.111,4.062,14164,6536014.0,1.2,0.05,0.002,0.2
2022-05-18,4.099,4.064,4.104,4.038,21598,9913234.0,1.61,-0.85,-0.035,0.3
2022-05-19,4.049,3.99,4.049,3.96,26336,11891320.0,2.19,-1.82,-0.074,0.37
2022-05-20,3.99,3.992,4.007,3.977,21027,9505388.0,0.75,0.05,0.002,0.29
2022-05-23,3.991,3.994,4.003,3.961,15226,6853577.0,1.05,0.05,0.002,0.21
2022-05-24,3.994,3.994,4.008,3.964,20372,9181272.0,1.1,0.0,0.0,0.28
2022-05-25,3.993,4.003,4.013,3.979,11708,5286735.0,0.85,0.23,0.009,0.16
2022-05-26,3.998,3.994,4.01,3.978,13864,6263305.0,0.8,-0.22,-0.009,0.19
2022-05-27,3.994,3.993,4.005,3.986,21415,9669859.0,0.48,-0.03,-0.001,0.3
2022-05-30,3.994,3.971,3.994,3.961,13431,6040176.0,0.83,-0.55,-0.022,0.19
2022-05-31,3.976,3.931,3.984,3.924,20869,9299135.0,1.51,-1.01,-0.04,0.29
2022-06-01,3.939,3.889,3.939,3.881,46923,20759271.0,1.48,-1.07,-0.042,0.66
2022-06-02,3.887,3.918,3.935,3.794,60804,26560653.0,3.63,0.75,0.029,0.85
2022-06-06,3.918,3.981,3.99,3.901,40722,18200049.0,2.27,1.61,0.063,0.57
2022-06-07,3.982,4.05,4.066,3.98,54691,24961686.0,2.16,1.73,0.069,0.76
2022-06-08,4.048,4.024,4.076,3.98,53809,24474806.0,2.37,-0.64,-0.026,0.75
2022-06-09,4.015,4.055,4.073,3.976,54297,24748481.0,2.41,0.77,0.031,0.76
2022-06-10,4.056,4.102,4.133,4.025,41304,19075097.0,2.66,1.16,0.047,0.58
2022-06-13,4.094,4.086,4.094,3.976,34642,15929585.0,2.88,-0.39,-0.016,0.48
2022-06-14,4.063,4.085,4.092,4.041,24955,11482734.0,1.25,-0.02,-0.001,0.35
2022-06-15,4.061,4.097,4.105,4.056,27121,12511164.0,1.2,0.29,0.012,0.38
2022-06-16,4.091,4.086,4.1,4.071,24653,11356989.0,0.71,-0.27,-0.011,0.34
2022-06-17,4.086,4.075,4.089,4.036,17433,8011870.0,1.3,-0.27,-0.011,0.24
2022-06-20,4.068,4.026,4.068,4.016,20252,9230547.0,1.28,-1.2,-0.049,0.28
2022-06-21,4.024,4.046,4.056,4.004,16918,7718819.0,1.29,0.5,0.02,0.24
2022-06-22,4.046,4.057,4.096,3.986,16161,7387668.0,2.72,0.27,0.011,0.23
2022-06-23,4.057,4.098,4.103,4.028,17888,8223970.0,1.85,1.01,0.041,0.25
2022-06-24,4.106,4.201,4.202,4.104,33382,15627787.0,2.39,2.51,0.103,0.47
2022-06-27,4.201,4.223,4.253,4.179,27050,12836831.0,1.76,0.52,0.022,0.38
2022-06-28,4.228,4.225,4.246,4.199,43440,20627421.0,1.11,0.05,0.002,0.61
2022-06-29,4.224,4.222,4.241,4.205,43050,20435772.0,0.85,-0.07,-0.003,0.6
2022-06-30,4.217,4.235,4.239,4.217,32345,15388595.0,0.52,0.31,0.013,0.45
2022-07-01,4.219,4.252,4.269,4.216,17683,8445113.0,1.25,0.4,0.017,0.25
2022-07-04,4.256,4.273,4.29,4.226,26248,12596914.0,1.51,0.49,0.021,0.37
2022-07-05,4.271,4.267,4.28,4.239,21541,10309437.0,0.96,-0.14,-0.006,0.3
2022-07-06,4.267,4.264,4.276,3.981,19471,9299352.0,6.91,-0.07,-0.003,0.27
2022-07-07,4.264,4.231,4.264,4.226,23893,11384186.0,0.89,-0.77,-0.033,0.33
2022-07-08,4.226,4.254,4.257,4.18,33690,16082090.0,1.82,0.54,0.023,0.47
2022-07-11,4.241,4.256,4.264,4.206,21532,10263277.0,1.36,0.05,0.002,0.3
2022-07-12,4.27,4.264,4.285,4.253,23639,11317141.0,0.75,0.19,0.008,0.33
2022-07-13,4.265,4.252,4.286,4.229,23794,11359440.0,1.34,-0.28,-0.012,0.33
2022-07-14,4.245,4.276,4.279,4.218,23450,11229505.0,1.43,0.56,0.024,0.33
2022-07-15,4.276,4.316,4.324,4.226,21864,10564179.0,2.29,0.94,0.04,0.31
2022-07-18,4.316,4.361,4.361,4.316,13400,6519601.0,1.04,1.04,0.045,0.19
2022-07-19,4.362,4.361,4.422,4.338,23733,11605988.0,1.93,0.0,0.0,0.33
2022-07-20,4.362,4.371,4.386,4.347,33998,16643544.0,0.89,0.23,0.01,0.47
2022-07-21,4.371,4.348,4.385,4.341,24837,12140627.0,1.01,-0.53,-0.023,0.35
2022-07-22,4.295,4.374,4.386,4.295,26041,12749294.0,2.09,0.6,0.026,0.36
2022-07-25,4.376,4.338,4.391,4.336,19000,9270373.0,1.26,-0.82,-0.036,0.27
2022-07-26,4.336,4.317,4.338,4.277,24707,11942174.0,1.41,-0.48,-0.021,0.34
2022-07-27,4.316,4.294,4.316,4.276,13736,6623480.0,0.93,-0.53,-0.023,0.19
2022-07-28,4.276,4.329,4.334,4.274,15137,7319127.0,1.4,0.82,0.035,0.21
2022-07-29,4.322,4.329,4.335,4.322,10332,5014894.0,0.3,0.0,0.0,0.14
2022-08-01,4.33,4.355,4.363,4.296,32313,15687328.0,1.55,0.6,0.026,0.45
2022-08-02,4.351,4.352,4.366,4.32,30892,15046190.0,1.06,-0.07,-0.003,0.43
2022-08-03,4.321,4.358,4.361,4.321,17845,8695814.0,0.92,0.14,0.006,0.25
2022-08-04,4.357,4.39,4.403,4.332,25463,12469853.0,1.63,0.73,0.032,0.36
2022-08-05,4.391,4.391,4.398,4.37,14549,7147298.0,0.64,0.02,0.001,0.2
2022-08-08,4.391,4.393,4.426,4.38,19869,9794690.0,1.05,0.05,0.002,0.28
2022-08-09,4.393,4.36,4.412,4.325,21077,10318231.0,1.98,-0.75,-0.033,0.29
2022-08-10,4.357,4.37,4.41,4.355,13250,6494336.0,1.26,0.23,0.01,0.18
2022-08-11,4.37,4.362,4.372,4.357,15035,7352392.0,0.34,-0.18,-0.008,0.21
2022-08-12,4.358,4.363,4.367,4.342,16487,8050546.0,0.57,0.02,0.001,0.23
2022-08-15,4.364,4.385,4.391,4.359,23544,11531900.0,0.73,0.5,0.022,0.33
2022-08-16,4.385,4.438,4.46,4.384,30908,15297751.0,1.73,1.21,0.053,0.43
2022-08-17,4.438,4.454,4.47,4.421,18036,8957144.0,1.1,0.36,0.016,0.25
2022-08-18,4.45,4.497,4.513,4.45,28914,14513207.0,1.41,0.97,0.043,0.4
2022-08-19,4.497,4.558,4.566,4.488,33459,16966886.0,1.73,1.36,0.061,0.47
2022-08-22,4.56,4.547,4.625,4.489,33661,17136559.0,2.98,-0.24,-0.011,0.47
2022-08-23,4.536,4.569,4.573,4.481,28131,14260462.0,2.02,0.48,0.022,0.39
2022-08-24,4.568,4.533,4.568,4.506,31404,15889941.0,1.36,-0.79,-0.036,0.44
2022-08-25,4.527,4.536,4.557,4.522,21047,10663640.0,0.77,0.07,0.003,0.29
2022-08-26,4.537,4.52,4.549,4.496,26276,13254381.0,1.17,-0.35,-0.016,0.37
2022-08-29,4.509,4.456,4.509,4.444,45574,22756442.0,1.44,-1.42,-0.064,0.64
2022-08-30,4.455,4.46,4.482,4.429,24076,12013619.0,1.19,0.09,0.004,0.34
2022-08-31,4.457,4.469,4.502,4.457,26539,13282828.0,1.01,0.2,0.009,0.37
2022-09-01,4.469,4.459,4.493,4.435,23108,11512075.0,1.3,-0.22,-0.01,0.32
2022-09-02,4.456,4.469,4.488,4.456,31688,15822119.0,0.72,0.22,0.01,0.44
2022-09-05,4.462,4.457,4.476,4.431,25575,12747599.0,1.01,-0.27,-0.012,0.36
2022-09-06,4.457,4.468,4.475,4.451,25185,12571196.0,0.54,0.25,0.011,0.35
2022-09-07,4.466,4.494,4.5,4.466,30375,15238630.0,0.76,0.58,0.026,0.42
2022-09-08,4.494,4.516,4.526,4.494,34501,17360272.0,0.71,0.49,0.022,0.48
2022-09-09,4.515,4.525,4.538,4.507,40873,20633487.0,0.69,0.2,0.009,0.57
2022-09-13,4.525,4.5,4.564,4.493,31892,16053679.0,1.57,-0.55,-0.025,0.45
2022-09-14,4.499,4.475,4.499,4.475,25978,13011393.0,0.53,-0.56,-0.025,0.36
2022-09-15,4.475,4.447,4.477,4.413,26420,13144556.0,1.43,-0.63,-0.028,0.37
2022-09-16,4.438,4.455,4.464,4.426,31965,15909630.0,0.85,0.18,0.008,0.45
2022-09-19,4.452,4.441,4.452,4.437,21257,10556119.0,0.34,-0.31,-0.014,0.3
2022-09-20,4.441,4.429,4.451,4.412,26451,13111782.0,0.88,-0.27,-0.012,0.37
2022-09-21,4.428,4.437,4.44,4.391,34592,17109325.0,1.11,0.18,0.008,0.48
2022-09-22,4.443,4.471,4.475,4.437,24611,12281164.0,0.86,0.77,0.034,0.34
2022-09-23,4.471,4.467,4.476,4.456,20884,10424853.0,0.45,-0.09,-0.004,0.29
2022-09-26,4.467,4.449,4.467,4.437,22412,11164037.0,0.67,-0.4,-0.018,0.31
2022-09-27,4.449,4.442,4.454,4.422,24271,12040544.0,0.72,-0.16,-0.007,0.34
2022-09-28,4.442,4.451,4.506,4.434,66047,33062441.0,1.62,0.2,0.009,0.92
2022-09-29,4.449,4.445,4.461,4.423,31281,15563242.0,0.85,-0.13,-0.006,0.44
2022-09-30,4.445,4.444,4.445,4.376,47133,23233201.0,1.55,-0.02,-0.001,0.66
2022-10-10,4.437,4.351,4.437,4.337,63866,31220738.0,2.25,-2.09,-0.093,0.89
2022-10-11,4.349,4.321,4.349,4.278,58379,28172741.0,1.63,-0.69,-0.03,0.81
2022-10-12,4.321,4.346,4.357,4.293,40603,19665506.0,1.48,0.58,0.025,0.57
2022-10-13,4.337,4.379,4.393,4.317,54004,26321964.0,1.75,0.76,0.033,0.75
2022-10-14,4.381,4.368,4.392,4.337,37094,18127053.0,1.26,-0.25,-0.011,0.52
2022-10-17,4.366,4.337,4.366,4.323,26550,12908149.0,0.98,-0.71,-0.031,0.37
2022-10-18,4.337,4.348,4.355,4.316,23884,11624210.0,0.9,0.25,0.011,0.33
2022-10-19,4.348,4.336,4.348,4.316,30730,14918955.0,0.74,-0.28,-0.012,0.43
2022-10-20,4.307,4.308,4.333,4.291,39050,18871684.0,0.97,-0.65,-0.028,0.55
2022-10-21,4.307,4.278,4.329,4.236,55419,26563876.0,2.16,-0.7,-0.03,0.77
2022-10-24,4.277,4.208,4.277,4.188,31269,14848663.0,2.08,-1.64,-0.07,0.44
2022-10-25,4.205,4.145,4.206,4.141,28860,13565699.0,1.54,-1.5,-0.063,0.4
2022-10-26,4.141,4.177,4.186,4.079,46204,21705737.0,2.58,0.77,0.032,0.65
2022-10-27,4.178,4.139,4.241,4.115,43125,20112543.0,3.02,-0.91,-0.038,0.6
2022-10-28,4.137,4.181,4.193,4.126,31665,14788552.0,1.62,1.01,0.042,0.44
2022-10-31,4.182,4.177,4.196,4.158,29813,14000237.0,0.91,-0.1,-0.004,0.42
2022-11-01,4.177,4.182,4.189,4.08,25750,12112945.0,2.61,0.12,0.005,0.36
2022-11-02,4.172,4.232,4.235,4.136,30543,14411153.0,2.37,1.2,0.05,0.43
2022-11-03,4.236,4.293,4.306,4.225,49608,23835855.0,1.91,1.44,0.061,0.69
2022-11-04,4.292,4.311,4.321,4.248,29817,14415882.0,1.7,0.42,0.018,0.42
2022-11-07,4.308,4.279,4.309,4.256,40892,19641187.0,1.23,-0.74,-0.032,0.57
2022-11-08,4.279,4.234,4.279,4.185,27429,13061807.0,2.2,-1.05,-0.045,0.38
2022-11-09,4.234,4.231,4.237,4.196,27514,13085354.0,0.97,-0.07,-0.003,0.38
2022-11-10,4.23,4.208,4.239,4.197,31433,14919796.0,0.99,-0.54,-0.023,0.44
2022-11-11,4.208,4.238,4.346,4.206,33791,16064303.0,3.33,0.71,0.03,0.47
2022-11-14,4.236,4.21,4.243,4.202,30811,14634171.0,0.97,-0.66,-0.028,0.43
2022-11-15,4.203,4.21,4.236,4.178,7614,3607743.0,1.38,0.0,0.0,0.11
2022-11-16,4.21,4.165,4.21,4.156,30620,14383239.0,1.28,-1.07,-0.045,0.43
2022-11-17,4.157,4.086,4.176,4.08,40003,18570559.0,2.3,-1.9,-0.079,0.56
2022-11-18,4.086,4.048,4.086,4.007,50125,22829018.0,1.93,-0.93,-0.038,0.7
2022-11-21,4.046,4.132,4.151,3.982,23965,11054983.0,4.17,2.08,0.084,0.33
2022-11-22,4.146,4.114,4.173,4.106,17224,8025041.0,1.62,-0.44,-0.018,0.24
2022-11-23,4.114,4.124,4.131,4.101,25230,11716951.0,0.73,0.24,0.01,0.35
2022-11-24,4.112,4.13,4.147,4.085,27412,12757482.0,1.5,0.15,0.006,0.38
2022-11-25,4.126,4.133,4.141,4.119,26189,12197330.0,0.53,0.07,0.003,0.37
2022-11-28,4.133,4.137,4.141,4.118,26129,12170363.0,0.56,0.1,0.004,0.36
2022-11-29,4.137,4.159,4.17,4.126,18495,8629541.0,1.06,0.53,0.022,0.26
2022-11-30,4.159,4.155,4.173,4.12,24728,11557318.0,1.27,-0.1,-0.004,0.35
2022-12-01,4.146,4.169,4.176,4.136,33277,15579065.0,0.96,0.34,0.014,0.46
2022-12-02,4.169,4.196,4.202,4.146,21629,10179237.0,1.34,0.65,0.027,0.3
2022-12-05,4.196,4.236,4.246,4.196,24613,11712042.0,1.19,0.95,0.04,0.34
2022-12-06,4.236,4.27,4.277,4.236,31776,15226878.0,0.97,0.8,0.034,0.44
2022-12-07,4.27,4.257,4.276,4.236,31672,15159863.0,0.94,-0.3,-0.013,0.44
2022-12-08,4.258,4.29,4.29,4.246,26067,12531098.0,1.03,0.78,0.033,0.36
2022-12-09,4.285,4.285,4.285,4.256,10556,5073866.0,0.68,-0.12,-0.005,0.15
2022-12-12,4.291,4.271,4.315,4.257,18155,8707984.0,1.35,-0.33,-0.014,0.25
2022-12-13,4.264,4.259,4.27,4.256,18295,8754948.0,0.33,-0.28,-0.012,0.26
2022-12-14,4.258,4.255,4.26,4.219,22504,10752775.0,0.96,-0.09,-0.004,0.31
2022-12-15,4.255,4.257,4.26,4.239,24898,11895830.0,0.49,0.05,0.002,0.35
2022-12-16,4.241,4.262,4.268,4.241,18808,8995993.0,0.63,0.12,0.005,0.26
2022-12-19,4.264,4.251,4.267,4.246,21454,10250418.0,0.49,-0.26,-0.011,0.3
2022-12-20,4.251,4.206,4.285,4.186,22127,10534111.0,2.33,-1.06,-0.045,0.31
2022-12-21,4.211,4.155,4.275,4.149,18251,8570925.0,3.0,-1.21,-0.051,0.25
2022-12-22,4.156,4.165,4.196,4.151,22304,10452423.0,1.08,0.24,0.01,0.31
2022-12-23,4.21,4.196,4.21,4.168,21205,9989458.0,1.01,0.74,0.031,0.3
2022-12-26,4.211,4.203,4.216,4.171,23801,11260914.0,1.07,0.17,0.007,0.33
2022-12-27,4.211,4.195,4.211,4.191,8636,4078247.0,0.48,-0.19,-0.008,0.12
2022-12-28,4.086,4.024,4.191,3.986,57057,26369132.0,4.89,-4.08,-0.171,0.8
2022-12-29,4.023,3.943,4.032,3.908,49505,22389588.0,3.08,-2.01,-0.081,0.69
2022-12-30,3.979,4.049,4.062,3.881,45915,20531698.0,4.59,2.69,0.106,0.64
2023-01-03,4.049,4.037,4.057,3.986,26503,12110224.0,1.75,-0.3,-0.012,0.37
2023-01-04,4.037,4.031,4.058,4.018,21363,9742652.0,0.99,-0.15,-0.006,0.3
2023-01-05,4.031,3.988,4.064,3.984,21313,9647700.0,1.98,-1.07,-0.043,0.3
2023-01-06,3.995,4.042,4.05,3.988,20951,9510858.0,1.55,1.35,0.054,0.29
2023-01-09,4.041,4.063,4.064,4.014,30941,14162188.0,1.24,0.52,0.021,0.43
2023-01-10,4.061,4.11,4.121,4.061,32567,15029785.0,1.48,1.16,0.047,0.45
2023-01-11,4.11,4.115,4.13,4.099,18211,8448948.0,0.75,0.12,0.005,0.25
2023-01-12,4.1,4.107,4.12,4.092,23571,10920106.0,0.68,-0.19,-0.008,0.33
2023-01-13,4.108,4.097,4.156,4.096,9872,4565960.0,1.46,-0.24,-0.01,0.14
2023-01-16,4.097,4.089,4.102,4.057,12263,5665113.0,1.1,-0.2,-0.008,0.17
2023-01-17,4.089,4.082,4.089,4.058,15036,6927459.0,0.76,-0.17,-0.007,0.21
2023-01-18,4.082,4.099,4.101,4.082,10960,5060766.0,0.47,0.42,0.017,0.15
2023-01-19,4.099,4.102,4.111,4.061,8250,3817875.0,1.22,0.07,0.003,0.12
2023-01-20,4.102,4.141,4.142,4.102,15708,7311242.0,0.98,0.95,0.039,0.22
2023-01-30,4.141,4.194,4.194,4.141,28662,13472938.0,1.28,1.28,0.053,0.4
2023-01-31,4.194,4.225,4.235,4.193,28673,13601038.0,1.0,0.74,0.031,0.4
2023-02-01,4.226,4.251,4.261,4.226,37035,17690308.0,0.83,0.62,0.026,0.52
2023-02-02,4.255,4.243,4.267,4.243,25660,12261822.0,0.56,-0.19,-0.008,0.36
2023-02-03,4.243,4.247,4.253,4.232,18033,8599759.0,0.49,0.09,0.004,0.25
2023-02-06,4.246,4.259,4.263,4.196,26825,12814130.0,1.58,0.28,0.012,0.37
2023-02-07,4.256,4.257,4.263,4.249,27005,12911555.0,0.33,-0.05,-0.002,0.38
2023-02-08,4.259,4.254,4.259,4.242,23177,11072303.0,0.4,-0.07,-0.003,0.32
2023-02-09,4.246,4.236,4.266,4.215,26439,12614211.0,1.2,-0.42,-0.018,0.37
2023-02-10,4.236,4.251,4.255,4.236,29983,14315173.0,0.45,0.35,0.015,0.42
2023-02-13,4.249,4.271,4.281,4.246,33251,15956571.0,0.82,0.47,0.02,0.46
2023-02-14,4.264,4.307,4.316,4.26,36882,17760774.0,1.31,0.84,0.036,0.51
2023-02-15,4.307,4.286,4.359,4.274,41893,20343759.0,1.97,-0.49,-0.021,0.58
2023-02-16,4.283,4.285,4.293,4.268,26103,12555038.0,0.58,-0.02,-0.001,0.36
2023-02-17,4.285,4.281,4.288,4.267,28239,13574365.0,0.49,-0.09,-0.004,0.39
2023-02-20,4.308,4.284,4.324,4.282,39948,19246988.0,0.98,0.07,0.003,0.56
2023-02-21,4.284,4.304,4.329,4.263,33498,16184464.0,1.54,0.47,0.02,0.47
2023-02-22,4.302,4.298,4.327,4.28,31334,15136899.0,1.09,-0.14,-0.006,0.44
2023-02-23,4.295,4.288,4.315,4.26,24793,11942774.0,1.28,-0.23,-0.01,0.35
2023-02-24,4.256,4.261,4.324,4.246,10028,4811710.0,1.82,-0.63,-0.027,0.14
2023-02-27,4.261,4.251,4.266,4.244,21379,10222414.0,0.52,-0.23,-0.01,0.3
2023-02-28,4.251,4.258,4.268,4.245,11639,5570740.0,0.54,0.16,0.007,0.16
2023-03-01,4.259,4.25,4.259,4.244,21243,10148761.0,0.35,-0.19,-0.008,0.3
2023-03-02,4.246,4.231,4.251,4.216,37710,17936365.0,0.82,-0.45,-0.019,0.53
2023-03-03,4.231,4.22,4.235,4.211,22630,10747524.0,0.57,-0.26,-0.011,0.32
2023-03-06,4.211,4.211,4.226,4.203,34499,16353396.0,0.55,-0.21,-0.009,0.48
2023-03-07,4.206,4.208,4.222,4.197,43330,20521478.0,0.59,-0.07,-0.003,0.6
2023-03-08,4.201,4.193,4.232,4.189,19964,9423416.0,1.02,-0.36,-0.015,0.28
2023-03-09,4.191,4.19,4.205,4.186,27088,12784205.0,0.45,-0.07,-0.003,0.38
2023-03-10,4.172,4.177,4.196,4.172,31160,14671806.0,0.57,-0.31,-0.013,0.44
2023-03-13,4.177,4.193,4.201,4.177,31460,14834508.0,0.57,0.38,0.016,0.44
2023-03-14,4.188,4.22,4.231,4.167,38064,17965544.0,1.53,0.64,0.027,0.53
2023-03-15,4.22,4.221,4.235,4.22,36036,17124673.0,0.36,0.02,0.001,0.5
2023-03-16,4.227,4.209,4.227,4.185,34379,16286559.0,1.0,-0.28,-0.012,0.48
2023-03-17,4.209,4.213,4.22,4.186,24024,11376328.0,0.81,0.1,0.004,0.34
2023-03-20,4.213,4.203,4.213,4.196,36500,17260121.0,0.4,-0.24,-0.01,0.51
2023-03-21,4.203,4.196,4.203,4.173,54548,25719300.0,0.71,-0.17,-0.007,0.76
2023-03-22,4.196,4.201,4.201,4.165,25906,12219748.0,0.86,0.12,0.005,0.36
2023-03-23,4.201,4.22,4.225,4.19,18529,8772627.0,0.83,0.45,0.019,0.26
2023-03-24,4.22,4.236,4.241,4.188,22186,10550013.0,1.26,0.38,0.016,0.31
2023-03-27,4.237,4.24,4.253,4.227,24669,11762361.0,0.61,0.09,0.004,0.34
2023-03-28,4.24,4.235,4.274,4.224,22066,10502719.0,1.18,-0.12,-0.005,0.31
2023-03-29,4.231,4.191,4.231,4.184,26773,12663034.0,1.11,-1.04,-0.044,0.37
2023-03-30,4.191,4.237,4.277,4.176,34972,16557560.0,2.41,1.1,0.046,0.49
2023-03-31,4.237,4.253,4.266,4.237,30804,14727897.0,0.68,0.38,0.016,0.43
2023-04-03,4.208,4.248,4.265,4.208,29850,14265511.0,1.34,-0.12,-0.005,0.42
2023-04-04,4.248,4.253,4.26,4.218,32147,15355266.0,0.99,0.12,0.005,0.45
2023-04-06,4.238,4.237,4.253,4.228,30056,14309886.0,0.59,-0.38,-0.016,0.42
2023-04-07,4.236,4.238,4.263,4.233,38370,18278981.0,0.71,0.02,0.001,0.54
2023-04-10,4.237,4.223,4.237,4.201,28572,13576952.0,0.85,-0.35,-0.015,0.4
2023-04-11,4.209,4.227,4.233,4.209,30597,14531656.0,0.57,0.09,0.004,0.43
2023-04-12,4.228,4.203,4.23,4.187,23119,10966247.0,1.02,-0.57,-0.024,0.32
2023-04-13,4.203,4.179,4.251,4.178,35560,16787451.0,1.74,-0.57,-0.024,0.5
2023-04-14,4.179,4.17,4.181,4.156,50755,23834151.0,0.6,-0.22,-0.009,0.71
2023-04-17,4.168,4.173,4.179,4.16,49303,23138638.0,0.46,0.07,0.003,0.69
2023-04-18,4.173,4.16,4.207,4.135,30286,13684412.0,1.73,-0.31,-0.013,0.42
2023-04-19,4.154,4.131,4.16,4.121,31176,13989619.0,0.94,-0.7,-0.029,0.44
2023-04-20,4.131,4.117,4.134,4.115,29803,13321019.0,0.46,-0.34,-0.014,0.42
2023-04-21,4.115,4.035,4.151,4.034,27787,12312292.0,2.84,-1.99,-0.082,0.39
2023-04-24,4.034,4.038,4.045,4.032,48038,21060367.0,0.32,0.07,0.003,0.67
2023-04-25,4.039,4.056,4.082,4.038,30445,13394101.0,1.09,0.45,0.018,0.43
2023-04-26,4.056,4.027,4.056,3.994,30295,13284772.0,1.53,-0.71,-0.029,0.42
2023-04-27,4.027,3.987,4.04,3.952,13108,5685027.0,2.19,-0.99,-0.04,0.18
2023-04-28,3.985,3.907,3.985,3.904,15334,6564439.0,2.03,-2.01,-0.08,0.21
2023-05-04,3.906,3.827,3.906,3.801,36262,15172465.0,2.69,-2.05,-0.08,0.51
2023-05-05,3.827,3.773,3.827,3.723,34883,14294584.0,2.72,-1.41,-0.054,0.49
2023-05-08,3.773,3.709,3.779,3.67,32914,13377338.0,2.89,-1.7,-0.064,0.46
2023-05-09,3.709,3.716,3.717,3.638,45887,18380494.0,2.13,0.19,0.007,0.64
2023-05-10,3.709,3.826,3.836,3.671,42877,17817078.0,4.44,2.96,0.11,0.6
2023-05-11,3.854,3.859,3.879,3.829,43055,18091602.0,1.31,0.86,0.033,0.6
2023-05-12,3.859,3.872,3.884,3.79,42458,17860560.0,2.44,0.34,0.013,0.59
2023-05-15,3.872,3.843,3.872,3.83,33126,13891585.0,1.08,-0.75,-0.029,0.46
2023-05-16,3.843,3.854,3.861,3.654,27953,11725575.0,5.39,0.29,0.011,0.39
2023-05-17,3.855,3.848,3.898,3.808,30982,13048633.0,2.34,-0.16,-0.006,0.43
2023-05-18,3.847,3.811,3.847,3.81,27398,11417249.0,0.96,-0.96,-0.037,0.38
2023-05-19,3.774,3.812,3.835,3.774,35806,14893816.0,1.6,0.03,0.001,0.5
2023-05-22,3.804,3.808,3.812,3.793,29768,12349250.0,0.5,-0.1,-0.004,0.42
2023-05-23,3.808,3.8,3.846,3.788,15106,6281859.0,1.52,-0.21,-0.008,0.21
2023-05-24,3.78,3.801,3.824,3.78,26666,11072302.0,1.16,0.03,0.001,0.37
2023-05-25,3.799,3.772,3.799,3.759,29316,12076616.0,1.05,-0.76,-0.029,0.41
2023-05-26,3.779,3.78,3.845,3.779,28981,12035647.0,1.75,0.21,0.008,0.4
2023-05-29,3.789,3.772,3.789,3.754,18589,7653824.0,0.93,-0.21,-0.008,0.26
2023-05-30,3.768,3.708,3.831,3.707,13633,5612185.0,3.29,-1.7,-0.064,0.19
2023-05-31,3.697,3.609,3.789,3.606,21145,8474150.0,4.94,-2.67,-0.099,0.3
2023-06-01,3.617,3.558,3.617,3.557,22928,8981420.0,1.66,-1.41,-0.051,0.32
2023-06-02,3.569,3.539,3.578,3.535,29484,11476474.0,1.21,-0.53,-0.019,0.41
2023-06-05,3.547,3.328,3.584,3.291,23360,8770823.0,8.28,-5.96,-0.211,0.33
2023-06-06,3.323,3.47,3.485,3.174,31856,11456315.0,9.34,4.27,0.142,0.44
2023-06-07,3.454,3.418,3.467,3.339,18129,6849498.0,3.69,-1.5,-0.052,0.25
2023-06-08,3.382,3.539,3.568,3.342,19822,7582123.0,6.61,3.54,0.121,0.28
2023-06-09,3.535,3.542,3.562,3.504,21996,8567989.0,1.64,0.08,0.003,0.31
2023-06-12,3.544,3.489,3.544,3.464,13901,5312959.0,2.26,-1.5,-0.053,0.19
2023-06-13,3.459,3.481,3.504,3.458,15141,5788999.0,1.32,-0.23,-0.008,0.21
2023-06-14,3.481,3.499,3.523,3.462,18966,7295282.0,1.75,0.52,0.018,0.26
2023-06-15,3.459,3.502,3.542,3.459,16252,6252195.0,2.37,0.09,0.003,0.23
2023-06-16,3.499,3.51,3.515,3.489,19875,7648407.0,0.74,0.23,0.008,0.28
2023-06-19,3.51,3.49,3.51,3.472,21018,8060614.0,1.08,-0.57,-0.02,0.29
2023-06-20,3.49,3.492,3.504,3.479,16272,6243244.0,0.72,0.06,0.002,0.23
2023-06-21,3.492,3.466,3.492,3.453,24370,9296290.0,1.12,-0.74,-0.026,0.34
2023-06-26,3.459,3.459,3.465,3.426,14923,5678520.0,1.13,-0.2,-0.007,0.21
2023-06-27,3.459,3.489,3.495,3.408,39479,15041227.0,2.52,0.87,0.03,0.55
2023-06-28,3.45,3.522,3.534,3.449,36498,14086658.0,2.44,0.95,0.033,0.51
2023-06-29,3.482,3.541,3.556,3.482,35777,13883517.0,2.1,0.54,0.019,0.5
2023-06-30,3.549,3.503,3.566,3.474,17708,6803328.0,2.6,-1.07,-0.038,0.25
2023-07-03,3.492,3.435,3.492,3.435,16381,6230084.0,1.63,-1.94,-0.068,0.23
2023-07-04,3.435,3.437,3.46,3.429,30388,11513311.0,0.9,0.06,0.002,0.42
2023-07-05,3.437,3.399,3.454,3.395,41953,15758223.0,1.72,-1.11,-0.038,0.59
2023-07-06,3.396,3.452,3.459,3.396,21407,8128814.0,1.85,1.56,0.053,0.3
2023-07-07,3.452,3.545,3.561,3.452,18138,7057435.0,3.16,2.69,0.093,0.25
2023-07-10,3.544,3.544,3.549,3.505,18762,7281465.0,1.24,-0.03,-0.001,0.26
2023-07-11,3.54,3.544,3.554,3.532,15949,6203403.0,0.62,0.0,0.0,0.22
2023-07-12,3.514,3.523,3.528,3.505,28526,11014761.0,0.65,-0.59,-0.021,0.4
2023-07-13,3.513,3.536,3.552,3.513,20961,8132551.0,1.11,0.37,0.013,0.29
2023-07-14,3.537,3.568,3.576,3.514,26853,10486965.0,1.75,0.9,0.032,0.37
2023-07-17,3.568,3.662,3.672,3.518,28364,11334352.0,4.32,2.63,0.094,0.4
2023-07-18,3.664,3.766,3.776,3.664,53545,21907977.0,3.06,2.84,0.104,0.75
2023-07-19,3.764,3.786,3.818,3.561,53653,22028856.0,6.82,0.53,0.02,0.75
2023-07-20,3.784,3.73,3.784,3.657,23528,9592136.0,3.35,-1.48,-0.056,0.33
2023-07-21,3.69,3.773,3.804,3.574,26166,10773074.0,6.17,1.15,0.043,0.37
2023-07-24,3.771,3.834,3.834,3.705,55282,22853014.0,3.42,1.62,0.061,0.77
2023-07-25,3.794,3.757,3.882,3.744,35682,14906900.0,3.6,-2.01,-0.077,0.5
2023-07-26,3.754,3.742,3.762,3.733,37007,15126377.0,0.77,-0.4,-0.015,0.52
2023-07-27,3.734,3.719,3.754,3.703,37034,15052185.0,1.36,-0.61,-0.023,0.52
2023-07-28,3.684,3.718,3.721,3.656,41204,16648176.0,1.75,-0.03,-0.001,0.58
2023-07-31,3.718,3.7,3.743,3.684,29916,12154221.0,1.59,-0.48,-0.018,0.42
2023-08-01,3.699,3.778,3.792,3.684,43809,17798340.0,2.92,2.11,0.078,0.61
2023-08-02,3.762,3.832,3.851,3.738,53660,22298805.0,2.99,1.43,0.054,0.75
2023-08-03,3.832,3.776,3.832,3.765,69477,28770138.0,1.75,-1.46,-0.056,0.97
2023-08-04,3.755,3.778,3.795,3.755,34008,14031421.0,1.06,0.05,0.002,0.47
2023-08-07,3.777,3.784,3.827,3.758,56239,23241067.0,1.83,0.16,0.006,0.79
2023-08-08,3.783,3.799,3.804,3.764,46213,19127223.0,1.06,0.4,0.015,0.65
2023-08-09,3.81,3.812,3.819,3.771,30474,12657172.0,1.26,0.34,0.013,0.43
2023-08-10,3.812,3.816,3.84,3.788,50857,21166229.0,1.36,0.1,0.004,0.71
2023-08-11,3.823,3.812,3.874,3.804,51601,21534556.0,1.83,-0.1,-0.004,0.72
2023-08-14,3.806,3.79,3.806,3.69,46547,19064155.0,3.04,-0.58,-0.022,0.65
2023-08-15,3.754,3.784,3.814,3.754,34551,14276943.0,1.58,-0.16,-0.006,0.48
2023-08-16,3.783,3.769,3.803,3.756,36692,15104030.0,1.24,-0.4,-0.015,0.51
2023-08-17,3.759,3.741,3.784,3.739,35112,14421935.0,1.19,-0.74,-0.028,0.49
2023-08-18,3.739,3.798,3.799,3.729,46559,19137655.0,1.87,1.52,0.057,0.65
2023-08-21,3.798,3.749,3.798,3.734,27650,11374336.0,1.69,-1.29,-0.049,0.39
2023-08-22,3.744,3.746,3.752,3.709,31483,12850894.0,1.15,-0.08,-0.003,0.44
2023-08-23,3.746,3.735,3.752,3.711,52383,21347666.0,1.09,-0.29,-0.011,0.73
2023-08-24,3.719,3.741,3.745,3.714,51300,20928744.0,0.83,0.16,0.006,0.72
2023-08-25,3.729,3.741,3.769,3.729,23926,9785868.0,1.07,0.0,0.0,0.33
2023-08-28,3.739,3.719,3.788,3.693,25639,10475819.0,2.54,-0.59,-0.022,0.36
2023-08-29,3.717,3.697,3.724,3.694,37088,15041218.0,0.81,-0.59,-0.022,0.52
2023-08-30,3.689,3.683,3.732,3.662,47786,19330462.0,1.89,-0.38,-0.014,0.67
2023-08-31,3.671,3.665,3.689,3.641,35703,14328508.0,1.3,-0.49,-0.018,0.5
2023-09-01,3.655,3.617,3.676,3.61,69156,27658411.0,1.8,-1.31,-0.048,0.97
2023-09-04,3.615,3.579,3.615,3.573,38924,15297572.0,1.16,-1.05,-0.038,0.54
2023-09-05,3.572,3.575,3.604,3.544,50177,19673734.0,1.68,-0.11,-0.004,0.7
2023-09-06,3.564,3.575,3.589,3.551,43796,17118014.0,1.06,0.0,0.0,0.61
2023-09-07,3.575,3.6,3.619,3.559,59177,23215172.0,1.68,0.7,0.025,0.83
2023-09-08,3.605,3.627,3.632,3.59,48812,19255424.0,1.17,0.75,0.027,0.68
2023-09-11,3.612,3.626,3.631,3.611,66113,26248869.0,0.55,-0.03,-0.001,0.92
2023-09-12,3.624,3.632,3.642,3.615,45380,18031581.0,0.74,0.17,0.006,0.63
2023-09-13,3.624,3.627,3.634,3.604,59176,23495136.0,0.83,-0.14,-0.005,0.83
2023-09-14,3.627,3.629,3.629,3.609,40206,15960450.0,0.55,0.06,0.002,0.56
2023-09-15,3.625,3.623,3.628,3.59,25870,10251372.0,1.05,-0.17,-0.006,0.36
2023-09-18,3.608,3.593,3.621,3.579,41144,16223106.0,1.16,-0.83,-0.03,0.57
2023-09-19,3.579,3.605,3.609,3.571,44062,17330192.0,1.06,0.33,0.012,0.62
2023-09-20,3.589,3.597,3.607,3.589,23792,9390065.0,0.5,-0.22,-0.008,0.33
2023-09-21,3.591,3.593,3.605,3.566,38710,15222762.0,1.08,-0.11,-0.004,0.54
2023-09-22,3.591,3.597,3.614,3.578,45190,17773917.0,1.0,0.11,0.004,0.63
2023-09-25,3.599,3.597,3.599,3.581,70895,27900016.0,0.5,0.0,0.0,0.99
2023-09-26,3.593,3.598,3.604,3.583,38329,15085501.0,0.58,0.03,0.001,0.54
2023-09-27,3.594,3.602,3.602,3.584,50615,19942459.0,0.5,0.11,0.004,0.71
2023-09-28,3.609,3.603,3.643,3.571,45809,18173848.0,2.0,0.03,0.001,0.64
2023-10-09,3.594,3.579,3.594,3.575,41205,16187953.0,0.53,-0.67,-0.024,0.58
2023-10-10,3.578,3.584,3.616,3.564,34249,13431773.0,1.45,0.14,0.005,0.48
2023-10-11,3.568,3.577,3.592,3.568,34995,13731638.0,0.67,-0.2,-0.007,0.49
2023-10-12,3.576,3.562,3.591,3.558,47705,18715090.0,0.92,-0.42,-0.015,0.67
2023-10-13,3.559,3.545,3.564,3.519,50636,19719773.0,1.26,-0.48,-0.017,0.71
2023-10-16,3.544,3.53,3.544,3.501,50098,19401239.0,1.21,-0.42,-0.015,0.7
2023-10-17,3.53,3.534,3.542,3.434,50816,19475476.0,3.06,0.11,0.004,0.71
2023-10-18,3.515,3.501,3.537,3.467,20483,7898120.0,1.98,-0.93,-0.033,0.29
2023-10-19,3.501,3.45,3.504,3.426,22240,8518408.0,2.23,-1.46,-0.051,0.31
2023-10-20,3.419,3.403,3.44,3.333,61784,23209116.0,3.1,-1.36,-0.047,0.86
2023-10-23,3.394,3.319,3.394,3.301,26477,9766805.0,2.73,-2.47,-0.084,0.37
2023-10-24,3.321,3.327,3.374,3.26,32815,11953717.0,3.43,0.24,0.008,0.46
2023-10-25,3.328,3.362,3.496,3.328,36656,13632719.0,5.05,1.05,0.035,0.51
2023-10-26,3.344,3.368,3.382,3.344,53125,19701367.0,1.13,0.18,0.006,0.74
2023-10-27,3.368,3.35,3.381,3.314,66139,24513873.0,1.99,-0.53,-0.018,0.92
2023-10-30,3.31,3.332,3.35,3.287,43840,16084762.0,1.88,-0.54,-0.018,0.61
2023-10-31,3.305,3.318,3.331,3.279,32660,11947566.0,1.56,-0.42,-0.014,0.46
2023-11-01,3.315,3.316,3.318,3.243,66837,24263841.0,2.26,-0.06,-0.002,0.93
2023-11-02,3.284,3.317,3.324,3.243,22995,8315797.0,2.44,0.03,0.001,0.32
2023-11-03,3.299,3.319,3.357,3.284,23919,8769997.0,2.2,0.06,0.002,0.33
2023-11-06,3.324,3.309,3.364,3.267,17307,6311921.0,2.92,-0.3,-0.01,0.24
2023-11-07,3.313,3.247,3.313,3.237,60647,21913687.0,2.3,-1.87,-0.062,0.85
2023-11-08,3.245,3.247,3.263,3.214,16292,5844837.0,1.51,0.0,0.0,0.23
2023-11-09,3.244,3.258,3.263,3.24,21822,7867512.0,0.71,0.34,0.011,0.3
2023-11-10,3.258,3.242,3.258,3.232,48465,17407606.0,0.8,-0.49,-0.016,0.68
2023-11-13,3.214,3.213,3.248,3.205,25120,8975448.0,1.33,-0.89,-0.029,0.35
2023-11-14,3.206,3.199,3.219,3.169,22279,7876119.0,1.56,-0.44,-0.014,0.31
2023-11-15,3.199,3.175,3.199,3.166,26782,9423467.0,1.03,-0.75,-0.024,0.37
2023-11-16,3.164,3.172,3.179,3.116,15785,5524128.0,1.98,-0.09,-0.003,0.22
2023-11-17,3.169,3.152,3.169,3.134,25204,8798452.0,1.1,-0.63,-0.02,0.35
2023-11-20,3.149,3.114,3.154,3.113,13418,4654502.0,1.3,-1.21,-0.038,0.19
2023-11-21,3.11,3.066,3.114,3.054,39719,13651964.0,1.93,-1.54,-0.048,0.55
2023-11-22,3.064,3.041,3.066,2.974,46512,15541626.0,3.0,-0.82,-0.025,0.65
2023-11-23,3.013,2.963,3.013,2.934,29491,9752913.0,2.6,-2.56,-0.078,0.41
2023-11-24,2.925,2.825,2.925,2.822,15679,5017942.0,3.48,-4.66,-0.138,0.22
2023-11-27,2.818,2.791,2.818,2.692,40461,12476174.0,4.46,-1.2,-0.034,0.56
2023-11-28,2.761,2.808,2.822,2.704,34323,10610231.0,4.23,0.61,0.017,0.48
2023-11-29,2.794,2.809,2.81,2.734,32367,10030364.0,2.71,0.04,0.001,0.45
2023-11-30,2.794,2.814,2.856,2.754,36386,11527891.0,3.63,0.18,0.005,0.51
2023-12-01,2.808,2.806,2.834,2.792,32200,10165323.0,1.49,-0.28,-0.008,0.45
2023-12-04,2.812,2.815,2.835,2.734,38678,12005708.0,3.6,0.32,0.009,0.54
2023-12-05,2.798,2.75,2.798,2.725,34312,10608607.0,2.59,-2.31,-0.065,0.48
2023-12-06,2.702,2.726,2.743,2.688,38787,11840364.0,2.0,-0.87,-0.024,0.54
2023-12-07,2.703,2.682,2.703,2.664,47988,14516804.0,1.43,-1.61,-0.044,0.67
2023-12-08,2.654,2.685,2.699,2.654,39047,11752782.0,1.68,0.11,0.003,0.55
2023-12-11,2.681,2.672,2.684,2.644,29633,8897701.0,1.49,-0.48,-0.013,0.41
2023-12-12,2.67,2.655,2.67,2.602,25786,7659130.0,2.54,-0.64,-0.017,0.36
2023-12-13,2.626,2.624,2.648,2.518,58694,17180795.0,4.9,-1.17,-0.031,0.82
2023-12-14,2.578,2.59,2.62,2.534,34941,10110828.0,3.28,-1.3,-0.034,0.49
2023-12-15,2.554,2.57,2.59,2.546,31905,9327640.0,1.7,-0.77,-0.02,0.45
2023-12-18,2.554,2.581,2.582,2.522,16144,4681271.0,2.33,0.43,0.011,0.23
2023-12-19,2.566,2.567,2.578,2.541,20060,5811149.0,1.43,-0.54,-0.014,0.28
2023-12-20,2.567,2.619,2.621,2.551,18392,5408964.0,2.73,2.03,0.052,0.26
2023-12-21,2.619,2.678,2.709,2.609,42953,12940308.0,3.82,2.25,0.059,0.6
2023-12-22,2.68,2.729,2.776,2.68,41535,12813515.0,3.58,1.9,0.051,0.58
2023-12-25,2.729,2.731,2.801,2.66,58832,17916101.0,5.17,0.07,0.002,0.82
2023-12-26,2.72,2.743,2.747,2.665,49727,15077690.0,3.0,0.44,0.012,0.69
2023-12-27,2.741,2.723,2.743,2.671,57058,17365400.0,2.62,-0.73,-0.02,0.8
2023-12-28,2.714,2.729,2.756,2.665,71018,21700697.0,3.34,0.22,0.006,0.99
2023-12-29,2.749,2.805,2.834,2.689,75089,23163294.0,5.31,2.78,0.076,1.05
2024-01-02,2.8,2.697,2.8,2.694,95800,29515349.0,3.78,-3.85,-0.108,1.34
2024-01-03,2.684,2.641,2.736,2.615,104526,31555333.0,4.49,-2.08,-0.056,1.46
2024-01-04,2.639,2.649,2.668,2.587,152574,45232398.0,3.07,0.3,0.008,2.13
2024-01-05,2.639,2.558,2.653,2.512,66668,19441717.0,5.32,-3.44,-0.091,0.93
2024-01-08,2.542,2.616,2.659,2.448,64789,18409584.0,8.25,2.27,0.058,0.9
2024-01-09,2.533,2.495,2.59,2.479,70039,20081865.0,4.24,-4.63,-0.121,0.98
2024-01-10,2.473,2.453,2.474,2.429,43268,12067821.0,1.8,-1.68,-0.042,0.6
2024-01-11,2.454,2.461,2.465,2.393,64048,17797775.0,2.94,0.33,0.008,0.89
2024-01-12,2.46,2.463,2.465,2.42,76565,21288101.0,1.83,0.08,0.002,1.07
2024-01-15,2.463,2.487,2.489,2.423,71052,19773382.0,2.68,0.97,0.024,0.99
2024-01-16,2.479,2.512,2.517,2.465,75360,21335628.0,2.09,1.01,0.025,1.05
2024-01-17,2.512,2.57,2.571,2.496,78410,22697822.0,2.99,2.31,0.058,1.09
2024-01-18,2.569,2.562,2.579,2.524,90747,26199860.0,2.14,-0.31,-0.008,1.27
2024-01-19,2.563,2.568,2.584,2.534,74145,21611698.0,1.95,0.23,0.006,1.04
2024-01-22,2.568,2.485,2.568,2.446,110144,31237148.0,4.75,-3.23,-0.083,1.54
2024-01-23,2.445,2.501,2.501,2.435,61474,17256303.0,2.66,0.64,0.016,0.86
2024-01-24,2.496,2.476,2.501,2.45,78851,22272005.0,2.04,-1.0,-0.025,1.1
2024-01-25,2.477,2.492,2.494,2.434,66229,18723662.0,2.42,0.65,0.016,0.92
2024-01-26,2.486,2.479,2.491,2.475,50080,14169088.0,0.64,-0.52,-0.013,0.7
2024-01-29,2.477,2.484,2.492,2.457,63910,18091175.0,1.41,0.2,0.005,0.89
2024-01-30,2.484,2.477,2.487,2.464,45312,12794472.0,0.93,-0.28,-0.007,0.63
2024-01-31,2.477,2.469,2.485,2.462,61954,17446284.0,0.93,-0.32,-0.008,0.86
2024-02-01,2.469,2.449,2.469,2.434,70491,19655509.0,1.42,-0.81,-0.02,0.98
2024-02-02,2.444,2.44,2.449,2.396,68025,18773552.0,2.16,-0.37,-0.009,0.95
2024-02-05,2.438,2.396,2.438,2.353,60890,16588532.0,3.48,-1.8,-0.044,0.85
2024-02-06,2.383,2.395,2.397,2.367,50608,13794332.0,1.25,-0.04,-0.001,0.71
2024-02-07,2.369,2.407,2.411,2.369,49094,13482329.0,1.75,0.5,0.012,0.69
2024-02-08,2.407,2.454,2.461,2.403,76815,21190350.0,2.41,1.95,0.047,1.07
2024-02-19,2.457,2.598,2.601,2.454,76497,21991975.0,5.99,5.87,0.144,1.07
2024-02-20,2.599,2.61,2.705,2.566,60437,18095381.0,5.35,0.46,0.012,0.84
2024-02-21,2.557,2.653,2.691,2.554,48264,14494898.0,5.25,1.65,0.043,0.67
2024-02-22,2.653,2.703,2.712,2.644,69263,21003542.0,2.56,1.88,0.05,0.97
2024-02-23,2.744,2.761,2.761,2.703,63875,19680212.0,2.15,2.15,0.058,0.89
2024-02-26,2.761,2.868,2.885,2.728,85494,27029394.0,5.69,3.88,0.107,1.19
2024-02-27,2.861,2.823,2.892,2.767,85748,27043380.0,4.36,-1.57,-0.045,1.2
2024-02-28,2.82,2.785,2.826,2.746,78875,24857446.0,2.83,-1.35,-0.038,1.1
2024-02-29,2.776,2.788,2.803,2.654,57869,18118709.0,5.35,0.11,0.003,0.81
2024-03-01,2.788,2.854,2.868,2.788,72779,23258578.0,2.87,2.37,0.066,1.02
2024-03-04,2.85,2.943,2.968,2.838,104955,34326666.0,4.56,3.12,0.089,1.47
2024-03-05,2.941,2.958,3.015,2.924,140525,46917217.0,3.09,0.51,0.015,1.96
2024-03-06,2.953,2.94,3.004,2.914,108102,35575618.0,3.04,-0.61,-0.018,1.51
2024-03-07,2.94,2.852,2.96,2.837,65254,21220701.0,4.18,-2.99,-0.088,0.91
2024-03-08,2.848,2.834,2.872,2.795,66290,21112445.0,2.7,-0.63,-0.018,0.93
2024-03-11,2.834,2.833,2.854,2.816,102488,32547919.0,1.34,-0.04,-0.001,1.43
2024-03-12,2.815,2.811,2.832,2.774,92265,28980387.0,2.05,-0.78,-0.022,1.29
2024-03-13,2.808,2.781,2.811,2.768,59696,18640622.0,1.53,-1.07,-0.03,0.83
2024-03-14,2.769,2.774,2.796,2.763,77578,24224413.0,1.19,-0.25,-0.007,1.08
2024-03-15,2.769,2.769,2.798,2.762,69749,21794520.0,1.3,-0.18,-0.005,0.97
2024-03-18,2.765,2.75,2.784,2.749,62771,19530408.0,1.26,-0.69,-0.019,0.88
2024-03-19,2.75,2.765,2.782,2.727,45092,13951580.0,2.0,0.55,0.015,0.63
2024-03-20,2.765,2.747,2.775,2.741,39437,12203175.0,1.23,-0.65,-0.018,0.55
2024-03-21,2.753,2.74,2.753,2.71,82709,25463606.0,1.57,-0.25,-0.007,1.15
2024-03-22,2.74,2.696,2.774,2.681,102364,31175334.0,3.39,-1.61,-0.044,1.43
2024-03-25,2.696,2.674,2.733,2.669,52782,15955806.0,2.37,-0.82,-0.022,0.74
2024-03-26,2.68,2.7,2.705,2.664,62822,19054499.0,1.53,0.97,0.026,0.88
2024-03-27,2.7,2.783,2.783,2.7,115540,35878064.0,3.07,3.07,0.083,1.61
2024-03-28,2.784,2.786,2.834,2.736,67624,21027437.0,3.52,0.11,0.003,0.94
2024-03-29,2.785,2.765,2.808,2.742,79979,24927283.0,2.37,-0.75,-0.021,1.12
2024-04-01,2.774,2.766,2.799,2.764,81027,25285781.0,1.27,0.04,0.001,1.13
2024-04-02,2.766,2.785,2.792,2.745,84027,26151522.0,1.7,0.69,0.019,1.17
2024-04-03,2.784,2.817,2.829,2.782,72854,23036025.0,1.69,1.15,0.032,1.02
2024-04-08,2.815,2.819,2.827,2.794,95981,30289376.0,1.17,0.07,0.002,1.34
2024-04-09,2.822,2.839,2.847,2.811,79958,25362144.0,1.28,0.71,0.02,1.12
2024-04-10,2.846,2.874,2.876,2.825,93240,29885640.0,1.8,1.23,0.035,1.3
2024-04-11,2.876,2.967,2.986,2.869,129456,42178525.0,4.07,3.24,0.093,1.81
2024-04-12,2.965,2.969,2.999,2.951,104173,34626652.0,1.62,0.07,0.002,1.45
2024-04-15,2.968,2.955,2.983,2.949,121497,40181329.0,1.15,-0.47,-0.014,1.7
2024-04-16,2.981,2.869,2.985,2.834,105103,31919262.0,5.11,-2.91,-0.086,1.47
2024-04-17,2.863,2.866,2.884,2.823,57455,17416736.0,2.13,-0.1,-0.003,0.8
2024-04-18,2.866,2.852,2.868,2.834,61919,18674922.0,1.19,-0.49,-0.014,0.86
2024-04-19,2.851,2.843,2.852,2.834,38937,11694464.0,0.63,-0.32,-0.009,0.54
2024-04-22,2.843,2.859,2.911,2.843,66824,20195258.0,2.39,0.56,0.016,0.93
2024-04-23,2.859,2.868,2.876,2.843,70899,21490773.0,1.15,0.31,0.009,0.99
2024-04-24,2.868,2.87,2.887,2.85,62443,18922846.0,1.29,0.07,0.002,0.87
2024-04-25,2.87,2.918,2.931,2.867,75908,23199384.0,2.23,1.67,0.048,1.06
2024-04-26,2.918,2.968,2.991,2.918,94097,29485438.0,2.5,1.71,0.05,1.31
2024-04-29,2.966,2.974,2.974,2.936,57592,17970014.0,1.28,0.2,0.006,0.8
2024-04-30,2.973,2.957,2.993,2.926,77028,23958926.0,2.25,-0.57,-0.017,1.08
2024-05-06,2.963,2.963,2.983,2.957,65064,20380487.0,0.88,0.2,0.006,0.91
2024-05-07,2.963,2.995,3.033,2.956,109995,34785886.0,2.6,1.08,0.032,1.54
2024-05-08,2.995,3.0,3.015,2.975,80719,25488352.0,1.34,0.17,0.005,1.13
2024-05-09,3.0,3.031,3.035,2.981,117591,37232841.0,1.8,1.03,0.031,1.64
2024-05-10,3.02,3.007,3.036,2.995,100947,32049731.0,1.35,-0.79,-0.024,1.41
2024-05-13,3.006,2.981,3.006,2.966,66037,20710164.0,1.33,-0.86,-0.026,0.92
2024-05-14,2.978,2.985,3.007,2.96,96548,30441107.0,1.58,0.13,0.004,1.35
2024-05-15,2.989,3.0,3.011,2.963,86502,27162965.0,1.61,0.5,0.015,1.21
2024-05-16,2.979,3.039,3.043,2.979,71401,22802294.0,2.13,1.3,0.039,1.0
2024-05-17,3.039,3.04,3.051,3.021,61938,19831180.0,0.99,0.03,0.001,0.86
2024-05-20,3.036,3.025,3.046,3.016,58285,18611352.0,0.99,-0.49,-0.015,0.81
2024-05-21,3.024,3.025,3.039,2.992,82898,26264001.0,1.55,0.0,0.0,1.16
2024-05-22,3.019,3.013,3.046,2.991,75381,23897589.0,1.82,-0.4,-0.012,1.05
2024-05-23,3.006,3.011,3.028,2.983,55118,17419047.0,1.49,-0.07,-0.002,0.77
2024-05-24,3.011,3.045,3.046,2.997,47334,15140715.0,1.63,1.13,0.034,0.66
2024-05-27,3.055,3.068,3.079,3.032,30547,9878856.0,1.54,0.76,0.023,0.43
2024-05-28,3.067,3.06,3.086,3.042,78996,25452629.0,1.43,-0.26,-0.008,1.1
2024-05-29,3.055,3.064,3.079,3.045,66884,21550556.0,1.11,0.13,0.004,0.93
2024-05-30,3.06,3.05,3.067,3.016,100798,32323857.0,1.66,-0.46,-0.014,1.41
2024-05-31,3.043,3.037,3.064,3.029,61200,19616870.0,1.15,-0.43,-0.013,0.85
2024-06-03,3.036,3.039,3.048,3.033,47031,15065245.0,0.49,0.07,0.002,0.66
2024-06-04,3.054,3.051,3.055,3.001,80773,25672346.0,1.78,0.39,0.012,1.13
2024-06-05,3.037,3.047,3.054,3.006,54270,17326046.0,1.57,-0.13,-0.004,0.76
2024-06-06,3.032,3.057,3.06,3.032,46796,15038594.0,0.92,0.33,0.01,0.65
2024-06-07,3.058,3.056,3.086,3.046,31252,10084003.0,1.31,-0.03,-0.001,0.44
2024-06-11,3.046,3.043,3.061,3.035,39455,12653416.0,0.85,-0.43,-0.013,0.55
2024-06-12,3.043,3.044,3.046,3.011,27797,8889201.0,1.15,0.03,0.001,0.39
2024-06-13,3.028,3.065,3.076,3.028,39461,12726183.0,1.58,0.69,0.021,0.55
2024-06-14,3.077,3.07,3.077,3.048,41959,13567109.0,0.95,0.16,0.005,0.59
2024-06-17,3.067,3.049,3.071,3.043,22376,7196676.0,0.91,-0.68,-0.021,0.31
2024-06-18,3.043,3.037,3.059,3.016,31077,9943068.0,1.41,-0.39,-0.012,0.43
2024-06-19,3.036,3.035,3.056,3.021,26551,8470612.0,1.15,-0.07,-0.002,0.37
2024-06-20,3.049,3.008,3.049,3.006,22285,7096082.0,1.42,-0.89,-0.027,0.31
2024-06-21,3.008,3.011,3.024,3.001,45679,14502016.0,0.76,0.1,0.003,0.64
2024-06-24,3.014,3.031,3.032,3.001,65483,20829418.0,1.03,0.66,0.02,0.91
2024-06-25,3.03,3.023,3.046,2.999,66533,21144419.0,1.55,-0.26,-0.008,0.93
2024-06-26,3.023,3.032,3.05,3.009,57671,18369496.0,1.36,0.3,0.009,0.81
2024-06-27,3.046,3.064,3.066,3.036,41723,13432259.0,0.99,1.06,0.032,0.58
2024-06-28,3.064,3.047,3.08,3.026,72680,23315837.0,1.76,-0.55,-0.017,1.01
2024-07-01,3.041,3.041,3.054,3.031,21575,6907729.0,0.75,-0.2,-0.006,0.3
2024-07-02,3.039,3.044,3.057,3.037,30926,9927216.0,0.66,0.1,0.003,0.43
2024-07-03,3.04,3.039,3.044,3.021,32656,10426246.0,0.76,-0.16,-0.005,0.46
2024-07-04,3.03,3.043,3.043,3.014,26676,8516445.0,0.95,0.13,0.004,0.37
2024-07-05,3.043,3.039,3.045,3.027,37282,11932442.0,0.59,-0.13,-0.004,0.52
2024-07-08,3.036,3.034,3.044,3.027,29920,9565367.0,0.56,-0.16,-0.005,0.42
2024-07-09,3.034,3.029,3.051,3.006,41093,13118422.0,1.48,-0.16,-0.005,0.57
2024-07-10,3.016,3.029,3.036,3.001,56639,18027877.0,1.16,0.0,0.0,0.79
2024-07-11,3.014,3.021,3.046,3.006,71396,22782898.0,1.32,-0.26,-0.008,1.0
2024-07-12,3.021,3.023,3.036,3.006,33074,10527356.0,0.99,0.07,0.002,0.46
2024-07-15,3.023,3.034,3.037,3.011,50491,16088058.0,0.86,0.36,0.011,0.7
2024-07-16,3.018,3.031,3.041,3.018,48978,15656118.0,0.76,-0.1,-0.003,0.68
2024-07-17,3.031,3.047,3.056,3.025,38218,12232294.0,1.02,0.53,0.016,0.53
2024-07-18,3.05,3.062,3.076,3.036,36175,11611330.0,1.31,0.49,0.015,0.51
2024-07-19,3.062,3.113,3.158,3.052,80228,26109959.0,3.46,1.67,0.051,1.12
2024-07-22,3.113,3.119,3.127,3.099,42838,14047999.0,0.9,0.19,0.006,0.6
2024-07-23,3.135,3.121,3.135,3.104,27642,9074742.0,0.99,0.06,0.002,0.39
2024-07-24,3.12,3.107,3.127,3.089,36789,12041555.0,1.22,-0.45,-0.014,0.51
2024-07-25,3.111,3.1,3.114,3.087,27602,9004890.0,0.87,-0.23,-0.007,0.39
2024-07-26,3.095,3.134,3.134,3.095,28673,9412928.0,1.26,1.1,0.034,0.4
2024-07-29,3.134,3.172,3.175,3.134,56256,18677734.0,1.31,1.21,0.038,0.79
2024-07-30,3.182,3.216,3.227,3.156,69154,23212467.0,2.24,1.39,0.044,0.97
2024-07-31,3.22,3.215,3.238,3.184,40308,13603688.0,1.68,-0.03,-0.001,0.56
2024-08-01,3.215,3.226,3.227,3.189,59782,20228045.0,1.18,0.34,0.011,0.83
2024-08-02,3.226,3.224,3.249,3.212,35609,12080118.0,1.15,-0.06,-0.002,0.5
2024-08-05,3.223,3.286,3.297,3.215,69241,23499709.0,2.54,1.92,0.062,0.97
2024-08-06,3.286,3.346,3.347,3.282,98277,34192185.0,1.98,1.83,0.06,1.37
2024-08-07,3.343,3.389,3.435,3.342,88449,31383804.0,2.78,1.29,0.043,1.23
2024-08-08,3.376,3.384,3.396,3.346,74614,26468329.0,1.48,-0.15,-0.005,1.04
2024-08-09,3.369,3.385,3.402,3.343,83207,29529512.0,1.74,0.03,0.001,1.16
2024-08-12,3.397,3.379,3.397,3.349,41988,14872679.0,1.42,-0.18,-0.006,0.59
2024-08-13,3.372,3.377,3.4,3.363,44066,15610696.0,1.09,-0.06,-0.002,0.62
2024-08-14,3.377,3.362,3.404,3.361,58504,20733619.0,1.27,-0.44,-0.015,0.82
2024-08-15,3.359,3.355,3.382,3.352,44835,15805547.0,0.89,-0.21,-0.007,0.63
2024-08-16,3.346,3.358,3.376,3.284,74201,26092379.0,2.74,0.09,0.003,1.04
2024-08-19,3.343,3.337,3.357,3.326,54947,19237192.0,0.92,-0.63,-0.021,0.77
2024-08-20,3.3,3.328,3.356,3.3,48627,16997791.0,1.68,-0.27,-0.009,0.68
2024-08-21,3.328,3.338,3.376,3.31,71518,25103203.0,1.98,0.3,0.01,1.0
2024-08-22,3.332,3.334,3.351,3.332,30751,10771961.0,0.57,-0.12,-0.004,0.43
2024-08-23,3.336,3.299,3.35,3.285,31947,11098326.0,1.95,-1.05,-0.035,0.45
2024-08-26,3.298,3.23,3.298,3.228,35214,12072200.0,2.12,-2.09,-0.069,0.49
2024-08-27,3.226,3.191,3.226,3.176,24634,8272148.0,1.55,-1.21,-0.039,0.34
2024-08-28,3.179,3.219,3.272,3.137,67472,22747618.0,4.23,0.88,0.028,0.94
2024-08-29,3.215,3.243,3.255,3.202,84654,28692449.0,1.65,0.75,0.024,1.18
2024-08-30,3.252,3.315,3.317,3.217,24903,8527613.0,3.08,2.22,0.072,0.35
2024-09-02,3.314,3.267,3.385,3.247,43900,15235820.0,4.16,-1.45,-0.048,0.61
2024-09-03,3.238,3.222,3.266,3.198,95640,32336358.0,2.08,-1.38,-0.045,1.34
2024-09-04,3.196,3.226,3.253,3.178,62459,20983299.0,2.33,0.12,0.004,0.87
2024-09-05,3.221,3.234,3.261,3.218,57127,19423894.0,1.33,0.25,0.008,0.8
2024-09-06,3.24,3.203,3.24,3.166,47057,15815935.0,2.29,-0.96,-0.031,0.66
2024-09-09,3.171,3.207,3.226,3.16,53532,17878878.0,2.06,0.12,0.004,0.75
2024-09-10,3.196,3.233,3.236,3.177,42613,14328811.0,1.84,0.81,0.026,0.59
2024-09-11,3.239,3.237,3.261,3.216,37840,12846865.0,1.39,0.12,0.004,0.53
2024-09-12,3.237,3.216,3.241,3.207,27793,9430893.0,1.05,-0.65,-0.021,0.39
2024-09-13,3.2,3.25,3.25,3.196,54015,18350110.0,1.68,1.06,0.034,0.75
2024-09-18,3.26,3.248,3.286,3.226,29939,10229373.0,1.85,-0.06,-0.002,0.42
2024-09-19,3.258,3.222,3.274,3.202,42775,14520742.0,2.22,-0.8,-0.026,0.6
2024-09-20,3.216,3.231,3.266,3.166,52639,17749361.0,3.1,0.28,0.009,0.73
2024-09-23,3.215,3.255,3.265,3.196,36896,12514112.0,2.14,0.74,0.024,0.52
2024-09-24,3.251,3.265,3.276,3.236,36516,12495251.0,1.23,0.31,0.01,0.51
2024-09-25,3.265,3.291,3.296,3.242,63978,22054643.0,1.65,0.8,0.026,0.89
2024-09-26,3.296,3.294,3.348,3.257,28312,9820843.0,2.77,0.09,0.003,0.4
2024-09-27,3.292,3.306,3.335,3.279,11351,3932261.0,1.7,0.36,0.012,0.16
2024-09-30,3.304,3.276,3.304,3.221,40168,13775701.0,2.51,-0.91,-0.03,0.56
2024-10-08,3.264,3.354,3.386,3.255,33434,11625774.0,4.0,2.38,0.078,0.47
2024-10-09,3.334,3.35,3.356,3.256,38732,13435074.0,2.98,-0.12,-0.004,0.54
2024-10-10,3.334,3.313,3.355,3.311,47383,16514109.0,1.31,-1.1,-0.037,0.66
2024-10-11,3.307,3.321,3.336,3.287,35952,12537866.0,1.48,0.24,0.008,0.5
2024-10-14,3.307,3.32,3.325,3.307,35128,12245777.0,0.54,-0.03,-0.001,0.49
2024-10-15,3.32,3.314,3.336,3.299,30465,10602561.0,1.11,-0.18,-0.006,0.43
2024-10-16,3.316,3.268,3.316,3.266,41627,14335389.0,1.51,-1.39,-0.046,0.58
2024-10-17,3.257,3.25,3.281,3.245,42083,14416162.0,1.1,-0.55,-0.018,0.59
2024-10-18,3.25,3.245,3.287,3.244,40392,13787508.0,1.32,-0.15,-0.005,0.56
2024-10-21,3.245,3.242,3.252,3.239,40369,13771753.0,0.4,-0.09,-0.003,0.56
2024-10-22,3.24,3.239,3.256,3.235,38586,13163548.0,0.65,-0.09,-0.003,0.54
2024-10-23,3.239,3.237,3.255,3.236,33023,11243184.0,0.59,-0.06,-0.002,0.46
2024-10-24,3.236,3.228,3.254,3.216,33377,11344465.0,1.17,-0.28,-0.009,0.47
2024-10-25,3.207,3.214,3.25,3.207,56970,19291979.0,1.33,-0.43,-0.014,0.8
2024-10-28,3.212,3.213,3.236,3.204,47600,16071335.0,1.0,-0.03,-0.001,0.66
2024-10-29,3.212,3.199,3.236,3.186,48010,16177079.0,1.56,-0.44,-0.014,0.67
2024-10-30,3.196,3.183,3.2,3.181,49263,16526282.0,0.59,-0.5,-0.016,0.69
2024-10-31,3.177,3.192,3.206,3.175,65452,21909672.0,0.97,0.28,0.009,0.91
2024-11-01,3.19,3.184,3.225,3.148,33179,11097660.0,2.41,-0.25,-0.008,0.46
2024-11-04,3.184,3.192,3.195,3.176,31806,10664475.0,0.6,0.25,0.008,0.44
2024-11-05,3.187,3.195,3.2,3.166,47662,15986833.0,1.07,0.09,0.003,0.67
2024-11-06,3.201,3.213,3.214,3.188,39492,13264607.0,0.81,0.56,0.018,0.55
2024-11-07,3.213,3.218,3.232,3.198,42828,14443946.0,1.06,0.16,0.005,0.6
2024-11-08,3.218,3.227,3.228,3.217,36502,12358743.0,0.34,0.28,0.009,0.51
2024-11-11,3.223,3.233,3.234,3.223,43813,14863127.0,0.34,0.19,0.006,0.61
2024-11-12,3.24,3.216,3.249,3.216,62782,21357439.0,1.02,-0.53,-0.017,0.88
2024-11-13,3.21,3.216,3.218,3.196,45099,15189442.0,0.68,0.0,0.0,0.63
2024-11-14,3.215,3.193,3.235,3.177,52612,17656388.0,1.8,-0.72,-0.023,0.73
2024-11-15,3.2,3.196,3.2,3.151,45468,15170768.0,1.53,0.09,0.003,0.63
2024-11-18,3.199,3.203,3.226,3.181,32431,10938951.0,1.41,0.22,0.007,0.45
2024-11-19,3.187,3.185,3.221,3.154,60269,20183438.0,2.09,-0.56,-0.018,0.84
2024-11-20,3.167,3.172,3.188,3.136,57787,19249036.0,1.63,-0.41,-0.013,0.81
2024-11-21,3.147,3.169,3.187,3.136,38285,12741154.0,1.61,-0.09,-0.003,0.53
2024-11-22,3.157,3.147,3.184,3.137,38003,12665560.0,1.48,-0.69,-0.022,0.53
2024-11-25,3.157,3.146,3.157,3.131,45468,15045455.0,0.83,-0.03,-0.001,0.63
2024-11-26,3.144,3.134,3.145,3.131,39990,13192084.0,0.45,-0.38,-0.012,0.56
2024-11-27,3.134,3.13,3.171,3.109,55127,18143950.0,1.98,-0.13,-0.004,0.77
2024-11-28,3.125,3.116,3.177,3.079,22199,7308639.0,3.13,-0.45,-0.014,0.31
2024-11-29,3.102,3.106,3.126,3.096,36124,11812844.0,0.96,-0.32,-0.01,0.5
2024-12-02,3.105,3.105,3.124,3.097,28417,9295675.0,0.87,-0.03,-0.001,0.4
2024-12-03,3.103,3.122,3.13,3.096,28380,9280591.0,1.1,0.55,0.017,0.4
2024-12-04,3.116,3.113,3.145,3.106,31005,10159608.0,1.25,-0.29,-0.009,0.43
2024-12-05,3.126,3.108,3.131,3.096,51041,16673364.0,1.12,-0.16,-0.005,0.71
2024-12-06,3.106,3.097,3.141,3.08,74490,24509098.0,1.96,-0.35,-0.011,1.04
2024-12-09,3.081,3.077,3.096,3.064,20736,6733976.0,1.03,-0.65,-0.02,0.29
2024-12-10,3.077,3.088,3.095,3.063,58464,18923669.0,1.04,0.36,0.011,0.82
2024-12-11,3.078,3.101,3.113,3.077,41943,13686241.0,1.17,0.42,0.013,0.59
2024-12-12,3.094,3.19,3.194,3.094,45174,15050724.0,3.22,2.87,0.089,0.63
2024-12-13,3.191,3.166,3.202,3.152,57544,19273254.0,1.57,-0.75,-0.024,0.8
2024-12-16,3.162,3.132,3.175,3.132,23559,7811656.0,1.36,-1.07,-0.034,0.33
2024-12-17,3.132,3.121,3.137,3.102,18626,6139001.0,1.12,-0.35,-0.011,0.26
2024-12-18,3.12,3.108,3.129,3.081,18922,6186060.0,1.54,-0.42,-0.013,0.26
2024-12-19,3.106,3.098,3.111,3.086,16814,5478674.0,0.8,-0.32,-0.01,0.23
2024-12-20,3.098,3.099,3.11,3.083,39154,12736622.0,0.87,0.03,0.001,0.55
2024-12-23,3.099,3.086,3.128,3.073,39452,12825583.0,1.77,-0.42,-0.013,0.55
2024-12-24,3.106,3.087,3.106,3.08,28812,9395633.0,0.84,0.03,0.001,0.4
2024-12-25,3.087,3.12,3.125,3.079,55229,18032710.0,1.49,1.07,0.033,0.77
2024-12-26,3.13,3.141,3.151,3.107,107368,35404380.0,1.41,0.67,0.021,1.5
2024-12-27,3.141,3.192,3.201,3.141,42723,14272766.0,1.91,1.62,0.051,0.6
2024-12-30,3.192,3.193,3.226,3.184,67134,22609939.0,1.32,0.03,0.001,0.94
2024-12-31,3.193,3.206,3.224,3.168,60587,20314127.0,1.75,0.41,0.013,0.85
2025-01-02,3.206,3.178,3.211,3.168,75391,25234399.0,1.34,-0.87,-0.028,1.05
2025-01-03,3.169,3.206,3.212,3.163,76346,25696348.0,1.54,0.88,0.028,1.07
2025-01-06,3.231,3.21,3.231,3.198,178072,60022178.0,1.03,0.12,0.004,2.49
2025-01-07,3.206,3.199,3.206,3.186,85859,28883336.0,0.62,-0.34,-0.011,1.2
2025-01-08,3.189,3.225,3.225,3.179,71176,23999517.0,1.44,0.81,0.026,0.99
2025-01-09,3.225,3.259,3.27,3.195,76747,26096707.0,2.33,1.05,0.034,1.07
2025-01-10,3.256,3.297,3.303,3.236,50458,17404977.0,2.06,1.17,0.038,0.7
2025-01-13,3.297,3.266,3.315,3.244,50351,17350255.0,2.15,-0.94,-0.031,0.7
2025-01-14,3.263,3.247,3.271,3.234,48702,16569981.0,1.13,-0.58,-0.019,0.68
2025-01-15,3.247,3.31,3.313,3.227,79019,27182042.0,2.65,1.94,0.063,1.1
2025-01-16,3.287,3.306,3.315,3.258,64341,22253419.0,1.72,-0.12,-0.004,0.9
2025-01-17,3.302,3.308,3.324,3.235,47220,16361434.0,2.69,0.06,0.002,0.66
2025-01-20,3.287,3.353,3.365,3.269,63532,22147974.0,2.9,1.36,0.045,0.89
2025-01-21,3.327,3.363,3.367,3.327,44330,15636766.0,1.19,0.3,0.01,0.62
2025-01-22,3.363,3.412,3.412,3.343,69791,24632760.0,2.05,1.46,0.049,0.97
2025-01-23,3.389,3.444,3.444,3.367,56605,20184963.0,2.26,0.94,0.032,0.79
2025-01-24,3.407,3.443,3.447,3.407,41781,15036660.0,1.16,-0.03,-0.001,0.58
2025-01-27,3.443,3.442,3.464,3.416,9724,3513290.0,1.39,-0.03,-0.001,0.14
2025-02-05,3.443,3.406,3.467,3.403,48727,17398981.0,1.86,-1.05,-0.036,0.68
2025-02-06,3.405,3.427,3.446,3.377,33542,11955727.0,2.03,0.62,0.021,0.47
2025-02-07,3.427,3.435,3.436,3.397,39507,14166233.0,1.14,0.23,0.008,0.55
2025-02-10,3.435,3.528,3.531,3.407,51132,18659433.0,3.61,2.71,0.093,0.71
2025-02-11,3.54,3.664,3.673,3.489,97498,36092971.0,5.22,3.85,0.136,1.36
2025-02-12,3.657,3.569,3.657,3.547,68215,25676732.0,3.0,-2.59,-0.095,0.95
2025-02-13,3.547,3.507,3.556,3.476,76115,27828416.0,2.24,-1.74,-0.062,1.06
2025-02-14,3.499,3.596,3.596,3.46,38351,14170026.0,3.88,2.54,0.089,0.54
2025-02-17,3.596,3.623,3.625,3.569,83351,31419193.0,1.56,0.75,0.027,1.16
2025-02-18,3.63,3.621,3.641,3.607,76694,29080749.0,0.94,-0.06,-0.002,1.07
2025-02-19,3.621,3.633,3.636,3.576,65343,24527469.0,1.66,0.33,0.012,0.91
2025-02-20,3.607,3.626,3.638,3.537,64880,24321237.0,2.78,-0.19,-0.007,0.91
2025-02-21,3.618,3.608,3.638,3.586,51251,19359416.0,1.43,-0.5,-0.018,0.72
2025-02-24,3.61,3.557,3.61,3.494,39697,14716539.0,3.22,-1.41,-0.051,0.55
2025-02-25,3.527,3.524,3.56,3.482,59260,21863508.0,2.19,-0.93,-0.033,0.83
2025-02-26,3.522,3.508,3.535,3.487,62658,23118635.0,1.36,-0.45,-0.016,0.87
2025-02-27,3.5,3.473,3.56,3.468,54828,20102733.0,2.62,-1.0,-0.035,0.77
2025-02-28,3.467,3.452,3.507,3.426,81630,29469443.0,2.33,-0.6,-0.021,1.14
2025-03-03,3.455,3.488,3.496,3.453,44924,16399029.0,1.25,1.04,0.036,0.63
2025-03-04,3.488,3.523,3.565,3.458,79691,29339064.0,3.07,1.0,0.035,1.11
2025-03-05,3.546,3.536,3.546,3.507,51085,18862301.0,1.11,0.37,0.013,0.71
2025-03-06,3.531,3.526,3.551,3.524,68062,25191905.0,0.76,-0.28,-0.01,0.95
2025-03-07,3.539,3.528,3.546,3.517,61408,22692117.0,0.82,0.06,0.002,0.86
2025-03-10,3.528,3.588,3.621,3.527,118838,44371566.0,2.66,1.7,0.06,1.66
2025-03-11,3.586,3.566,3.618,3.55,21764,8113297.0,1.9,-0.61,-0.022,0.3
2025-03-12,3.565,3.558,3.587,3.55,46699,17396498.0,1.04,-0.22,-0.008,0.65
2025-03-13,3.558,3.565,3.587,3.548,41291,15401603.0,1.1,0.2,0.007,0.58
2025-03-14,3.587,3.574,3.587,3.548,40293,15013341.0,1.09,0.25,0.009,0.56
2025-03-17,3.581,3.563,3.581,3.552,23543,8771576.0,0.81,-0.31,-0.011,0.33
2025-03-18,3.563,3.564,3.569,3.553,37415,13931122.0,0.45,0.03,0.001,0.52
2025-03-19,3.564,3.584,3.586,3.548,46147,17226301.0,1.07,0.56,0.02,0.64
2025-03-20,3.59,3.584,3.614,3.577,34954,13139345.0,1.03,0.0,0.0,0.49
2025-03-21,3.569,3.568,3.584,3.547,31270,11657496.0,1.03,-0.45,-0.016,0.44
2025-03-24,3.571,3.557,3.605,3.547,44182,16459841.0,1.63,-0.31,-0.011,0.62
2025-03-25,3.557,3.557,3.573,3.548,24057,8958880.0,0.7,0.0,0.0,0.34
2025-03-26,3.557,3.55,3.563,3.546,40711,15117002.0,0.48,-0.2,-0.007,0.57
2025-03-27,3.552,3.571,3.581,3.535,39280,14681288.0,1.3,0.59,0.021,0.55
2025-03-28,3.572,3.624,3.625,3.563,88862,33384614.0,1.74,1.48,0.053,1.24
2025-03-31,3.624,3.608,3.634,3.591,60500,22827024.0,1.19,-0.44,-0.016,0.84
2025-04-01,3.616,3.634,3.636,3.588,49195,18563251.0,1.33,0.72,0.026,0.69
2025-04-02,3.633,3.665,3.684,3.606,67884,25954564.0,2.15,0.85,0.031,0.95
2025-04-03,3.667,3.735,3.746,3.627,31261,12053879.0,3.25,1.91,0.07,0.44
2025-04-07,3.726,3.716,3.739,3.647,23091,8899493.0,2.46,-0.51,-0.019,0.32
2025-04-08,3.714,3.668,3.717,3.625,41663,16006519.0,2.48,-1.29,-0.048,0.58
2025-04-09,3.647,3.569,3.703,3.54,30481,11428036.0,4.44,-2.7,-0.099,0.43
2025-04-10,3.58,3.636,3.641,3.58,34673,13082431.0,1.71,1.88,0.067,0.48
2025-04-11,3.664,3.627,3.664,3.578,58238,22121504.0,2.37,-0.25,-0.009,0.81
2025-04-14,3.626,3.647,3.653,3.586,61929,23314662.0,1.85,0.55,0.02,0.86
2025-04-15,3.645,3.673,3.674,3.607,52647,19950322.0,1.84,0.71,0.026,0.73
2025-04-16,3.672,3.717,3.732,3.64,84315,32234860.0,2.5,1.2,0.044,1.18
2025-04-17,3.711,3.739,3.746,3.698,89793,34948191.0,1.29,0.59,0.022,1.25
2025-04-18,3.736,3.702,3.768,3.67,59862,23250592.0,2.62,-0.99,-0.037,0.84
2025-04-21,3.702,3.604,3.702,3.583,93709,35332525.0,3.21,-2.65,-0.098,1.31
2025-04-22,3.604,3.537,3.609,3.501,47797,16926499.0,3.0,-1.86,-0.067,0.67
2025-04-23,3.54,3.539,3.551,3.51,75322,26652898.0,1.16,0.06,0.002,1.05
2025-04-24,3.535,3.48,3.535,3.457,48569,16943617.0,2.2,-1.67,-0.059,0.68
2025-04-25,3.47,3.436,3.482,3.403,57184,19669622.0,2.27,-1.26,-0.044,0.8
2025-04-28,3.436,3.381,3.443,3.355,49728,16947075.0,2.56,-1.6,-0.055,0.69
2025-04-29,3.372,3.36,3.418,3.356,35528,12013627.0,1.83,-0.62,-0.021,0.5
2025-04-30,3.36,3.355,3.377,3.344,50157,16822965.0,0.98,-0.15,-0.005,0.7
2025-05-06,3.357,3.343,3.357,3.34,19658,6584506.0,0.51,-0.36,-0.012,0.27
2025-05-07,3.344,3.36,3.374,3.297,92582,30809602.0,2.3,0.51,0.017,1.29
2025-05-08,3.359,3.335,3.364,3.33,64881,21695786.0,1.01,-0.74,-0.025,0.91
2025-05-09,3.333,3.317,3.333,3.29,83382,27570209.0,1.29,-0.54,-0.018,1.16
2025-05-12,3.304,3.39,3.414,3.302,70788,23666705.0,3.38,2.2,0.073,0.99
2025-05-13,3.392,3.39,3.415,3.37,58500,19800006.0,1.33,0.0,0.0,0.82
2025-05-14,3.362,3.424,3.43,3.362,56389,19155223.0,2.01,1.0,0.034,0.79
2025-05-15,3.404,3.408,3.424,3.38,38345,13046074.0,1.29,-0.47,-0.016,0.54
2025-05-16,3.411,3.422,3.439,3.392,56996,19499588.0,1.38,0.41,0.014,0.8
2025-05-19,3.422,3.408,3.434,3.401,54031,18461127.0,0.96,-0.41,-0.014,0.75
2025-05-20,3.407,3.433,3.449,3.391,78836,26880762.0,1.7,0.73,0.025,1.1
2025-05-21,3.433,3.452,3.468,3.421,103518,35653814.0,1.37,0.55,0.019,1.45
2025-05-22,3.452,3.418,3.452,3.4,68621,23514526.0,1.51,-0.98,-0.034,0.96
2025-05-23,3.42,3.397,3.428,3.386,58042,19720619.0,1.23,-0.61,-0.021,0.81
2025-05-26,3.396,3.388,3.403,3.373,10512,3559072.0,0.88,-0.26,-0.009,0.15
2025-05-27,3.394,3.37,3.394,3.35,15324,5154221.0,1.3,-0.53,-0.018,0.21
2025-05-28,3.37,3.387,3.404,3.357,22740,7684220.0,1.39,0.5,0.017,0.32
2025-05-29,3.387,3.388,3.396,3.377,34900,11831346.0,0.56,0.03,0.001,0.49
2025-05-30,3.378,3.366,3.391,3.352,8406,2833372.0,1.15,-0.65,-0.022,0.12
2025-06-03,3.365,3.343,3.365,3.314,37307,12417719.0,1.52,-0.68,-0.023,0.52
2025-06-04,3.335,3.351,3.362,3.334,62980,21062741.0,0.84,0.24,0.008,0.88
2025-06-05,3.351,3.388,3.391,3.345,27181,9120771.0,1.37,1.1,0.037,0.38
2025-06-06,3.374,3.378,3.42,3.356,38746,13057016.0,1.89,-0.3,-0.01,0.54
2025-06-09,3.386,3.389,3.389,3.366,30424,10257899.0,0.68,0.33,0.011,0.42
2025-06-10,3.388,3.397,3.417,3.381,46023,15621767.0,1.06,0.24,0.008,0.64
2025-06-11,3.407,3.389,3.407,3.38,19320,6566557.0,0.79,-0.24,-0.008,0.27
2025-06-12,3.385,3.391,3.399,3.382,36357,12330643.0,0.5,0.06,0.002,0.51
2025-06-13,3.38,3.37,3.399,3.361,34037,11469211.0,1.12,-0.62,-0.021,0.48
2025-06-16,3.358,3.371,3.379,3.351,12682,4264199.0,0.83,0.03,0.001,0.18
2025-06-17,3.371,3.366,3.371,3.356,33455,11242279.0,0.44,-0.15,-0.005,0.47
2025-06-18,3.367,3.377,3.377,3.355,8762,2950921.0,0.65,0.33,0.011,0.12
2025-06-19,3.376,3.378,3.384,3.375,34556,11682472.0,0.27,0.03,0.001,0.48
2025-06-20,3.383,3.375,3.383,3.362,27784,9366315.0,0.62,-0.09,-0.003,0.39
2025-06-23,3.374,3.378,3.385,3.367,14942,5040568.0,0.53,0.09,0.003,0.21
2025-06-24,3.377,3.361,3.377,3.349,35088,11776606.0,0.83,-0.5,-0.017,0.49
2025-06-25,3.361,3.349,3.361,3.339,19760,6613820.0,0.65,-0.36,-0.012,0.28
2025-06-26,3.348,3.342,3.355,3.337,26740,8950684.0,0.54,-0.21,-0.007,0.37
2025-06-27,3.352,3.311,3.352,3.294,30139,10017611.0,1.74,-0.93,-0.031,0.42
2025-06-30,3.312,3.267,3.312,3.263,43616,14330520.0,1.48,-1.33,-0.044,0.61
2025-07-01,3.267,3.251,3.273,3.234,79944,26022095.0,1.19,-0.49,-0.016,1.12
2025-07-02,3.246,3.298,3.298,3.246,58599,19216768.0,1.6,1.45,0.047,0.82
2025-07-03,3.299,3.314,3.326,3.286,12320,4082346.0,1.21,0.49,0.016,0.17
2025-07-04,3.307,3.314,3.318,3.295,8592,2837837.0,0.69,0.0,0.0,0.12
2025-07-07,3.314,3.298,3.314,3.278,12521,4122530.0,1.09,-0.48,-0.016,0.17
2025-07-08,3.305,3.277,3.305,3.262,44310,14536820.0,1.3,-0.64,-0.021,0.62
2025-07-09,3.272,3.28,3.285,3.266,26524,8691968.0,0.58,0.09,0.003,0.37
2025-07-10,3.285,3.263,3.285,3.25,26204,8545627.0,1.07,-0.52,-0.017,0.37
2025-07-11,3.253,3.265,3.276,3.253,42047,13729344.0,0.7,0.06,0.002,0.59
2025-07-14,3.262,3.268,3.272,3.256,30373,9912317.0,0.49,0.09,0.003,0.42
2025-07-15,3.275,3.272,3.275,3.266,28721,9388966.0,0.28,0.12,0.004,0.4
2025-07-16,3.272,3.304,3.305,3.267,66461,21820204.0,1.16,0.98,0.032,0.93
2025-07-17,3.305,3.299,3.309,3.288,14104,4644994.0,0.64,-0.15,-0.005,0.2
2025-07-18,3.306,3.3,3.311,3.284,15145,4998918.0,0.82,0.03,0.001,0.21
2025-07-21,3.3,3.308,3.311,3.284,61384,20257636.0,0.82,0.24,0.008,0.86
2025-07-22,3.306,3.303,3.311,3.299,13157,4345096.0,0.36,-0.15,-0.005,0.18
2025-07-23,3.3,3.281,3.303,3.273,11203,3682072.0,0.91,-0.67,-0.022,0.16
2025-07-24,3.281,3.294,3.296,3.272,9446,3107833.0,0.73,0.4,0.013,0.13
2025-07-25,3.294,3.294,3.295,3.281,28091,9241650.0,0.43,0.0,0.0,0.39
2025-07-28,3.293,3.288,3.294,3.281,6322,2078171.0,0.39,-0.18,-0.006,0.09
2025-07-29,3.288,3.27,3.288,3.261,21127,6908821.0,0.82,-0.55,-0.018,0.29
2025-07-30,3.27,3.271,3.283,3.258,32094,10482841.0,0.76,0.03,0.001,0.45
2025-07-31,3.271,3.297,3.3,3.263,9590,3142680.0,1.13,0.79,0.026,0.13
2025-08-01,3.294,3.271,3.294,3.267,9420,3085703.0,0.82,-0.79,-0.026,0.13
2025-08-04,3.27,3.258,3.277,3.25,8852,2885262.0,0.83,-0.4,-0.013,0.12
2025-08-05,3.258,3.253,3.263,3.25,5206,1693272.0,0.4,-0.15,-0.005,0.07
2025-08-06,3.254,3.254,3.259,3.25,2876,935975.0,0.28,0.03,0.001,0.04
2025-08-07,3.25,3.253,3.263,3.25,16646,5414793.0,0.4,-0.03,-0.001,0.23
2025-08-08,3.255,3.248,3.255,3.245,26542,8624846.0,0.31,-0.15,-0.005,0.37
2025-08-11,3.25,3.251,3.267,3.248,10140,3297671.0,0.58,0.09,0.003,0.14
2025-08-12,3.252,3.246,3.254,3.243,3864,1256035.0,0.34,-0.15,-0.005,0.05
2025-08-13,3.246,3.243,3.252,3.241,3256,1056102.0,0.34,-0.09,-0.003,0.05
2025-08-14,3.241,3.228,3.244,3.212,44109,14253145.0,0.99,-0.46,-0.015,0.62
2025-08-15,3.215,3.215,3.228,3.198,22137,7094437.0,0.93,-0.4,-0.013,0.31
2025-08-18,3.215,3.156,3.222,3.109,67046,21189196.0,3.51,-1.84,-0.059,0.94
2025-08-19,3.155,3.156,3.173,3.128,18308,5741878.0,1.43,0.0,0.0,0.26
2025-08-20,3.165,3.172,3.174,3.155,31624,10022911.0,0.6,0.51,0.016,0.44
2025-08-21,3.172,3.139,3.19,3.134,18223,5741789.0,1.77,-1.04,-0.033,0.25
2025-08-22,3.139,3.13,3.148,3.12,10266,3218293.0,0.89,-0.29,-0.009,0.14
2025-08-25,3.13,3.13,3.131,3.088,49904,15480569.0,1.37,0.0,0.0,0.7
2025-08-26,3.112,3.18,3.19,3.112,14609,4608153.0,2.49,1.6,0.05,0.2
2025-08-27,3.186,3.18,3.188,3.165,8791,2793764.0,0.72,0.0,0.0,0.12
2025-08-28,3.179,3.179,3.185,3.163,5229,1661658.0,0.69,-0.03,-0.001,0.07
2025-08-29,3.179,3.15,3.179,3.137,14716,4635093.0,1.32,-0.91,-0.029,0.21
2025-09-01,3.154,3.13,3.154,3.113,10456,3270464.0,1.3,-0.63,-0.02,0.15
2025-09-02,3.128,3.124,3.146,3.12,32076,10021312.0,0.83,-0.19,-0.006,0.45
2025-09-03,3.124,3.127,3.146,3.12,38191,11934239.0,0.83,0.1,0.003,0.53
2025-09-04,3.13,3.127,3.137,3.12,18816,5889582.0,0.54,0.0,0.0,0.26
2025-09-05,3.127,3.126,3.133,3.104,42049,13117106.0,0.93,-0.03,-0.001,0.59
2025-09-08,3.128,3.108,3.13,3.096,36279,11267348.0,1.09,-0.58,-0.018,0.51
2025-09-09,3.108,3.084,3.125,3.084,36442,11298517.0,1.32,-0.77,-0.024,0.51
2025-09-10,3.084,3.08,3.094,3.065,28942,8892253.0,0.94,-0.13,-0.004,0.4
2025-09-11,3.078,3.07,3.078,3.058,34924,10704963.0,0.65,-0.32,-0.01,0.49
2025-09-12,3.07,3.053,3.07,3.047,35360,10795754.0,0.75,-0.55,-0.017,0.49
2025-09-15,3.056,3.045,3.056,3.029,32868,9978387.0,0.88,-0.26,-0.008,0.46
2025-09-16,3.029,3.044,3.05,3.02,29537,8960943.0,0.99,-0.03,-0.001,0.41
2025-09-17,3.049,3.05,3.055,3.024,31520,9564798.0,1.02,0.2,0.006,0.44
2025-09-18,3.044,3.052,3.056,3.038,29129,8876825.0,0.59,0.07,0.002,0.41
2025-09-19,3.053,3.041,3.053,3.035,27792,8461000.0,0.59,-0.36,-0.011,0.39
2025-09-22,3.041,3.047,3.052,3.031,7029,2135304.0,0.69,0.2,0.006,0.1
2025-09-23,3.047,3.045,3.047,3.021,6734,2042856.0,0.85,-0.07,-0.002,0.09
2025-09-24,3.047,3.04,3.047,3.039,2282,693998.0,0.26,-0.16,-0.005,0.03
2025-09-25,3.041,3.039,3.041,3.024,6067,1837526.0,0.56,-0.03,-0.001,0.08
2025-09-26,3.028,3.038,3.045,3.028,3296,1000423.0,0.56,-0.03,-0.001,0.05
2025-09-29,3.031,3.044,3.046,3.03,3026,918315.0,0.53,0.2,0.006,0.04
2025-09-30,3.044,3.054,3.067,3.043,5512,1682429.0,0.79,0.33,0.01,0.08
2025-10-09,3.05,3.047,3.05,3.041,1550,472364.0,0.29,-0.23,-0.007,0.02
2025-10-10,3.047,3.049,3.058,3.047,5158,1573497.0,0.36,0.07,0.002,0.07
2025-10-13,3.048,3.039,3.048,3.032,10978,3335563.0,0.52,-0.33,-0.01,0.15
2025-10-14,3.039,3.03,3.039,3.022,16866,5104459.0,0.56,-0.3,-0.009,0.24
2025-10-15,3.028,3.03,3.034,3.02,38186,11545391.0,0.46,0.0,0.0,0.53
2025-10-16,3.031,3.018,3.031,3.0,29909,8999563.0,1.02,-0.4,-0.012,0.42
2025-10-17,3.013,3.012,3.024,2.991,57324,17219229.0,1.09,-0.2,-0.006,0.8
2025-10-20,3.011,2.98,3.011,2.971,46342,13839874.0,1.33,-1.06,-0.032,0.65
2025-10-21,2.978,2.962,2.979,2.955,44469,13186493.0,0.81,-0.6,-0.018,0.62
2025-10-22,2.958,2.94,2.961,2.915,67438,19754353.0,1.55,-0.74,-0.022,0.94
2025-10-23,2.941,2.935,2.942,2.915,54663,15988951.0,0.92,-0.17,-0.005,0.76
2025-10-24,2.922,2.942,2.967,2.915,66153,19374513.0,1.77,0.24,0.007,0.92
2025-10-27,2.934,2.925,2.942,2.913,54975,16086315.0,0.99,-0.58,-0.017,0.77
2025-10-28,2.929,2.936,2.941,2.915,48813,14269939.0,0.89,0.38,0.011,0.68
2025-10-29,2.934,2.93,2.955,2.909,61335,17950397.0,1.57,-0.2,-0.006,0.86
2025-10-30,2.927,2.922,2.927,2.91,61293,17884439.0,0.58,-0.27,-0.008,0.86
2025-10-31,2.922,2.896,2.922,2.886,54566,15868347.0,1.23,-0.89,-0.026,0.76
2025-11-03,2.883,2.796,2.896,2.785,81310,22899348.0,3.83,-3.45,-0.1,1.14
2025-11-04,2.795,2.762,2.799,2.718,94195,25964303.0,2.9,-1.22,-0.034,1.32
2025-11-05,2.76,2.817,2.818,2.74,36303,10121753.0,2.82,1.99,0.055,0.51
2025-11-06,2.817,2.83,2.834,2.801,32213,9106776.0,1.17,0.46,0.013,0.45
2025-11-07,2.831,2.876,2.879,2.828,39388,11256104.0,1.8,1.63,0.046,0.55
2025-11-10,2.878,2.862,2.878,2.842,39783,11378318.0,1.25,-0.49,-0.014,0.56
2025-11-11,2.85,2.867,2.876,2.85,36119,10352337.0,0.91,0.17,0.005,0.5
2025-11-12,2.87,2.859,2.875,2.849,34776,9959070.0,0.91,-0.28,-0.008,0.49
2025-11-13,2.853,2.85,2.869,2.846,55495,15854579.0,0.8,-0.31,-0.009,0.77
2025-11-14,2.857,2.833,2.859,2.825,48611,13785482.0,1.19,-0.6,-0.017,0.68
2025-11-17,2.833,2.837,2.849,2.821,34407,9754650.0,0.99,0.14,0.004,0.48
2025-11-18,2.848,2.826,2.848,2.806,10348,2923713.0,1.48,-0.39,-0.011,0.14
2025-11-19,2.83,2.794,2.83,2.78,39525,11041968.0,1.77,-1.13,-0.032,0.55
2025-11-20,2.803,2.796,2.803,2.78,27982,7812086.0,0.82,0.07,0.002,0.39
2025-11-21,2.796,2.798,2.802,2.772,25196,7013334.0,1.07,0.07,0.002,0.35
2025-11-24,2.795,2.794,2.8,2.766,51445,14287345.0,1.22,-0.14,-0.004,0.72
2025-11-25,2.792,2.8,2.819,2.785,53185,14873856.0,1.22,0.21,0.006,0.74
2025-11-26,2.803,2.811,2.819,2.791,34864,9766881.0,1.0,0.39,0.011,0.49
2025-11-27,2.814,2.806,2.815,2.784,35603,9998371.0,1.1,-0.18,-0.005,0.5
2025-11-28,2.806,2.802,2.815,2.78,28229,7899413.0,1.25,-0.14,-0.004,0.39
2025-12-01,2.807,2.796,2.807,2.794,30454,8512156.0,0.46,-0.21,-0.006,0.43
2025-12-02,2.796,2.797,2.805,2.791,393,109806.0,0.5,0.04,0.001,0.01
2025-12-03,2.798,2.81,2.818,2.798,4958,1393336.0,0.72,0.46,0.013,0.07
2025-12-04,2.808,2.81,2.82,2.805,12278,3447777.0,0.53,0.0,0.0,0.17
2025-12-05,2.81,2.812,2.82,2.798,6388,1791683.0,0.78,0.07,0.002,0.09
2025-12-08,2.811,2.802,2.811,2.795,4110,1151663.0,0.57,-0.36,-0.01,0.06
2025-12-09,2.808,2.8,2.812,2.789,6590,1844425.0,0.82,-0.07,-0.002,0.09
2025-12-10,2.8,2.814,2.818,2.781,46203,12867642.0,1.32,0.5,0.014,0.65
2025-12-11,2.805,2.809,2.814,2.799,24554,6880540.0,0.53,-0.18,-0.005,0.34
2025-12-12,2.805,2.813,2.826,2.8,34425,9710585.0,0.93,0.14,0.004,0.48
2025-12-15,2.812,2.81,2.825,2.796,20102,5640856.0,1.03,-0.11,-0.003,0.28
2025-12-16,2.811,2.798,2.82,2.786,16565,4628850.0,1.21,-0.43,-0.012,0.23
2025-12-17,2.798,2.795,2.806,2.781,20498,5718900.0,0.89,-0.11,-0.003,0.29
2025-12-18,2.805,2.79,2.805,2.756,13420,3723469.0,1.75,-0.18,-0.005,0.19
2025-12-19,2.788,2.779,2.8,2.755,34621,9608698.0,1.61,-0.39,-0.011,0.48
2025-12-22,2.779,2.78,2.787,2.758,32826,9110564.0,1.04,0.04,0.001,0.46
2025-12-23,2.78,2.78,2.79,2.756,18512,5135570.0,1.22,0.0,0.0,0.26
2025-12-24,2.78,2.858,2.86,2.761,23957,6763703.0,3.56,2.81,0.078,0.33
2025-12-25,2.863,2.868,2.87,2.85,27019,7733180.0,0.7,0.35,0.01,0.38
2025-12-26,2.868,2.873,2.878,2.851,11478,3284339.0,0.94,0.17,0.005,0.16
2025-12-29,2.872,2.883,2.885,2.861,7743,2224866.0,0.84,0.35,0.01,0.11
2025-12-30,2.878,2.883,2.885,2.876,7680,2213399.0,0.31,0.0,0.0,0.11
2025-12-31,2.883,2.892,2.892,2.876,3895,1124681.0,0.55,0.31,0.009,0.05
2026-01-05,2.892,2.88,2.892,2.841,31264,8969975.0,1.76,-0.41,-0.012,0.44
2026-01-06,2.88,2.894,2.894,2.865,7531,2171328.0,1.01,0.49,0.014,0.11
2026-01-07,2.894,2.933,2.95,2.882,43827,12819348.0,2.35,1.35,0.039,0.61
2026-01-08,2.933,2.929,2.959,2.922,33313,9801752.0,1.26,-0.14,-0.004,0.47
